/*
 Navicat Premium Data Transfer

 Source Server         : localhost_3306
 Source Server Type    : MySQL
 Source Server Version : 50726
 Source Host           : localhost:3306
 Source Schema         : library

 Target Server Type    : MySQL
 Target Server Version : 50726
 File Encoding         : 65001

 Date: 09/01/2021 13:55:40
*/

SET NAMES utf8mb4;
SET FOREIGN_KEY_CHECKS = 0;

-- ----------------------------
-- Table structure for admin
-- ----------------------------
DROP TABLE IF EXISTS `admin`;
CREATE TABLE `admin`  (
  `id` bigint(15) UNSIGNED NOT NULL AUTO_INCREMENT,
  `username` varchar(20) CHARACTER SET utf8 COLLATE utf8_general_ci NOT NULL,
  `password` varchar(255) CHARACTER SET armscii8 COLLATE armscii8_general_ci NOT NULL,
  PRIMARY KEY (`id`) USING BTREE
) ENGINE = InnoDB AUTO_INCREMENT = 10003 CHARACTER SET = utf8 COLLATE = utf8_general_ci ROW_FORMAT = DYNAMIC;

-- ----------------------------
-- Records of admin
-- ----------------------------
INSERT INTO `admin` VALUES (10001, 'admin', '4297f44b13955235245b2497399d7a93');
INSERT INTO `admin` VALUES (10002, 'admin2', '4297f44b13955235245b2497399d7a93');

-- ----------------------------
-- Table structure for book
-- ----------------------------
DROP TABLE IF EXISTS `book`;
CREATE TABLE `book`  (
  `id` bigint(11) UNSIGNED NOT NULL AUTO_INCREMENT COMMENT '主键',
  `name` varchar(255) CHARACTER SET utf8 COLLATE utf8_general_ci NOT NULL COMMENT '书名',
  `kind` varchar(255) CHARACTER SET utf8 COLLATE utf8_general_ci NULL DEFAULT NULL COMMENT '类型',
  `publish` varchar(255) CHARACTER SET utf8 COLLATE utf8_general_ci NULL DEFAULT NULL COMMENT '出版社',
  `author` varchar(255) CHARACTER SET utf8 COLLATE utf8_general_ci NULL DEFAULT NULL COMMENT '作者',
  `price` decimal(10, 2) UNSIGNED NULL DEFAULT NULL COMMENT '价格',
  `num` int(11) NULL DEFAULT NULL COMMENT '数量',
  `nnum` int(11) NULL DEFAULT NULL COMMENT '当前可借数量',
  `description` varchar(255) CHARACTER SET utf8 COLLATE utf8_general_ci NULL DEFAULT NULL COMMENT '图书信息描述',
  PRIMARY KEY (`id`) USING BTREE
) ENGINE = MyISAM AUTO_INCREMENT = 1234567895 CHARACTER SET = utf8 COLLATE = utf8_general_ci ROW_FORMAT = Dynamic;

-- ----------------------------
-- Records of book
-- ----------------------------
INSERT INTO `book` VALUES (1234567890, 'Java 面向对象程序设计', '计算机类', '清华大学出版社', '周雪琴', 59.80, 5, 5, '一本专门开发Java的入门教程。');
INSERT INTO `book` VALUES (1234567891, 'Android从入门到精通', '计算机类', '清华大学出版社', '章纪民', 66.00, 10, 9, 'Android入门指南。');
INSERT INTO `book` VALUES (1234567892, '考研数学复习全书', '考研', '西安交通大学出版社', '李永乐', 34.50, 15, 14, '考研必备。');
INSERT INTO `book` VALUES (1234567893, '数学基础过关660题', '考研', '西安交通大学', '武忠祥', 34.50, 15, 13, '考研数学刷题必备。');

-- ----------------------------
-- Table structure for borrow
-- ----------------------------
DROP TABLE IF EXISTS `borrow`;
CREATE TABLE `borrow`  (
  `id` bigint(11) NOT NULL AUTO_INCREMENT,
  `sid` bigint(11) UNSIGNED NULL DEFAULT NULL COMMENT '借阅人的编号',
  `bid` bigint(20) NULL DEFAULT NULL COMMENT '图书的编号',
  `btime` date NULL DEFAULT NULL COMMENT '借阅的时间',
  `endtime` date NULL DEFAULT NULL COMMENT '还书时间',
  `money` double UNSIGNED NULL DEFAULT 0,
  `isback` int(10) UNSIGNED NULL DEFAULT 0 COMMENT '是否归还',
  `backtime` date NULL DEFAULT NULL COMMENT '归还时间',
  PRIMARY KEY (`id`) USING BTREE
) ENGINE = InnoDB AUTO_INCREMENT = 2345678919 CHARACTER SET = utf8 COLLATE = utf8_general_ci ROW_FORMAT = DYNAMIC;

-- ----------------------------
-- Records of borrow
-- ----------------------------
INSERT INTO `borrow` VALUES (2345678906, 1001, 1234567890, '2021-01-07', '2021-02-07', 0, 1, '2021-01-08');
INSERT INTO `borrow` VALUES (2345678908, 1003, 1234567893, '2021-01-04', '2021-01-28', 0, 0, NULL);
INSERT INTO `borrow` VALUES (2345678909, 1001, 1234567891, '2021-01-07', '2021-02-07', 0, 1, '2021-01-08');
INSERT INTO `borrow` VALUES (2345678910, 1001, 1234567891, '2021-01-07', '2021-02-07', 0, 1, '2021-01-08');
INSERT INTO `borrow` VALUES (2345678911, 1002, 1234567892, '2021-01-08', '2021-02-08', 0, 1, '2021-01-08');
INSERT INTO `borrow` VALUES (2345678912, 1002, 1234567893, '2021-01-08', '2021-02-08', 0, 1, '2021-01-08');
INSERT INTO `borrow` VALUES (2345678913, 1002, 1234567892, '2021-01-08', '2021-02-08', 0, 0, NULL);
INSERT INTO `borrow` VALUES (2345678914, 1001, 1234567891, '2020-12-01', '2021-01-01', 0.7, 1, '2021-01-08');
INSERT INTO `borrow` VALUES (2345678915, 1002, 1234567891, '2020-12-02', '2021-01-02', 0.6, 0, NULL);
INSERT INTO `borrow` VALUES (2345678916, 1001, 1234567892, '2020-12-03', '2021-01-03', 0.5, 1, '2021-01-08');
INSERT INTO `borrow` VALUES (2345678917, 1001, 1234567892, '2020-12-02', '2021-01-02', 0.6, 1, '2021-01-08');
INSERT INTO `borrow` VALUES (2345678918, 1001, 1234567893, '2020-12-02', '2021-01-02', 0.6, 0, NULL);

-- ----------------------------
-- Table structure for user
-- ----------------------------
DROP TABLE IF EXISTS `user`;
CREATE TABLE `user`  (
  `id` bigint(20) NOT NULL AUTO_INCREMENT,
  `username` varchar(20) CHARACTER SET utf8 COLLATE utf8_general_ci NOT NULL,
  `password` varchar(255) CHARACTER SET utf8 COLLATE utf8_general_ci NOT NULL,
  `gender` enum('男','女') CHARACTER SET utf8 COLLATE utf8_general_ci NULL DEFAULT '男',
  `phone` bigint(11) NULL DEFAULT NULL,
  `address` varchar(255) CHARACTER SET utf8 COLLATE utf8_general_ci NULL DEFAULT NULL,
  `description` varchar(255) CHARACTER SET utf8 COLLATE utf8_general_ci NULL DEFAULT NULL,
  PRIMARY KEY (`id`) USING BTREE
) ENGINE = InnoDB AUTO_INCREMENT = 2112 CHARACTER SET = utf8 COLLATE = utf8_general_ci ROW_FORMAT = DYNAMIC;

-- ----------------------------
-- Records of user
-- ----------------------------
INSERT INTO `user` VALUES (1001, 'tom', '4297f44b13955235245b2497399d7a93', '女', 17852033545, '北京市朝阳区星河小区2号楼', '相信美好，相信未来！');
INSERT INTO `user` VALUES (1002, 'Jerry', '4297f44b13955235245b2497399d7a93', '女', 15246571064, '河南省濮阳市爱德华小区21栋楼', 'Believe yourself！！！');
INSERT INTO `user` VALUES (1003, '晓丽', '4297f44b13955235245b2497399d7a93', '女', 13548610354, '北京市长清区万和花园', '我爱你，胜过一切！');
INSERT INTO `user` VALUES (1004, 'user1', '4297f44b13955235245b2497399d7a93', '男', 13548610354, '北京市长清区万和花园', '我爱你，胜过一切！');
INSERT INTO `user` VALUES (1006, 'user2', '4297f44b13955235245b2497399d7a93', '男', 15266784562, '爱德华小区', '好好学习，天天向上');
INSERT INTO `user` VALUES (1007, 'user3', '4297f44b13955235245b2497399d7a93', '男', 15266784562, '爱德华小区2号楼', '好好学习，天天向上');
INSERT INTO `user` VALUES (1008, 'user4', '4297f44b13955235245b2497399d7a93', '男', 15266784562, '爱德华小区', '好好学习，天天向上');
INSERT INTO `user` VALUES (1009, '酆彬传', '4297f44b13955235245b2497399d7a93', '男', 13618127312, '新加坡爱德华小区', '曾经有一份美好的爱情摆在了我的眼前');
INSERT INTO `user` VALUES (1011, '方双琴', '4297f44b13955235245b2497399d7a93', '男', 16160885776, '新加坡爱德华小区', '曾经有一份美好的爱情摆在了我的眼前');
INSERT INTO `user` VALUES (1012, '茅逸锦', '4297f44b13955235245b2497399d7a93', '男', 16134432331, '新加坡爱德华小区', '曾经有一份美好的爱情摆在了我的眼前');
INSERT INTO `user` VALUES (1013, '祁友紫', '4297f44b13955235245b2497399d7a93', '男', 14192483514, '新加坡爱德华小区', '曾经有一份美好的爱情摆在了我的眼前');
INSERT INTO `user` VALUES (1014, '堪宁灿', '4297f44b13955235245b2497399d7a93', '男', 15246165431, '新加坡爱德华小区', '曾经有一份美好的爱情摆在了我的眼前');
INSERT INTO `user` VALUES (1015, '雷振继', '4297f44b13955235245b2497399d7a93', '男', 15320554971, '新加坡爱德华小区', '曾经有一份美好的爱情摆在了我的眼前');
INSERT INTO `user` VALUES (1016, '经川怀', '4297f44b13955235245b2497399d7a93', '男', 18000421709, '新加坡爱德华小区', '曾经有一份美好的爱情摆在了我的眼前');
INSERT INTO `user` VALUES (1017, '贺岩健', '4297f44b13955235245b2497399d7a93', '男', 13727200976, '新加坡爱德华小区', '曾经有一份美好的爱情摆在了我的眼前');
INSERT INTO `user` VALUES (1018, '任万诚', '4297f44b13955235245b2497399d7a93', '男', 13519002523, '新加坡爱德华小区', '曾经有一份美好的爱情摆在了我的眼前');
INSERT INTO `user` VALUES (1019, '唐涛其', '4297f44b13955235245b2497399d7a93', '男', 18818923128, '新加坡爱德华小区', '曾经有一份美好的爱情摆在了我的眼前');
INSERT INTO `user` VALUES (1020, '明树顺', '4297f44b13955235245b2497399d7a93', '男', 14794039245, '新加坡爱德华小区', '曾经有一份美好的爱情摆在了我的眼前');
INSERT INTO `user` VALUES (1021, '堪仲棋', '4297f44b13955235245b2497399d7a93', '男', 18209604700, '新加坡爱德华小区', '曾经有一份美好的爱情摆在了我的眼前');
INSERT INTO `user` VALUES (1022, '袁露鹤', '4297f44b13955235245b2497399d7a93', '男', 17215434105, '新加坡爱德华小区', '曾经有一份美好的爱情摆在了我的眼前');
INSERT INTO `user` VALUES (1023, '田博焕', '4297f44b13955235245b2497399d7a93', '男', 15831401033, '新加坡爱德华小区', '曾经有一份美好的爱情摆在了我的眼前');
INSERT INTO `user` VALUES (1024, '袁杰仲', '4297f44b13955235245b2497399d7a93', '男', 16966074162, '新加坡爱德华小区', '曾经有一份美好的爱情摆在了我的眼前');
INSERT INTO `user` VALUES (1025, '强焕祥', '4297f44b13955235245b2497399d7a93', '男', 17928975916, '新加坡爱德华小区', '曾经有一份美好的爱情摆在了我的眼前');
INSERT INTO `user` VALUES (1026, '贺小宇', '4297f44b13955235245b2497399d7a93', '男', 16483493127, '新加坡爱德华小区', '曾经有一份美好的爱情摆在了我的眼前');
INSERT INTO `user` VALUES (1027, '雷行百', '4297f44b13955235245b2497399d7a93', '男', 15411253031, '新加坡爱德华小区', '曾经有一份美好的爱情摆在了我的眼前');
INSERT INTO `user` VALUES (1028, '云为冠', '4297f44b13955235245b2497399d7a93', '男', 15109429676, '新加坡爱德华小区', '曾经有一份美好的爱情摆在了我的眼前');
INSERT INTO `user` VALUES (1029, '凌恒怀', '4297f44b13955235245b2497399d7a93', '男', 17474323500, '新加坡爱德华小区', '曾经有一份美好的爱情摆在了我的眼前');
INSERT INTO `user` VALUES (1030, '陈洋强', '4297f44b13955235245b2497399d7a93', '男', 19035789594, '新加坡爱德华小区', '曾经有一份美好的爱情摆在了我的眼前');
INSERT INTO `user` VALUES (1031, '袁道超', '4297f44b13955235245b2497399d7a93', '男', 13529078517, '新加坡爱德华小区', '曾经有一份美好的爱情摆在了我的眼前');
INSERT INTO `user` VALUES (1032, '乐洲根', '4297f44b13955235245b2497399d7a93', '男', 16693979932, '新加坡爱德华小区', '曾经有一份美好的爱情摆在了我的眼前');
INSERT INTO `user` VALUES (1033, '费银仁', '4297f44b13955235245b2497399d7a93', '男', 19054358702, '新加坡爱德华小区', '曾经有一份美好的爱情摆在了我的眼前');
INSERT INTO `user` VALUES (1034, '范海进', '4297f44b13955235245b2497399d7a93', '男', 15541999951, '新加坡爱德华小区', '曾经有一份美好的爱情摆在了我的眼前');
INSERT INTO `user` VALUES (1035, '柯西艺', '4297f44b13955235245b2497399d7a93', '男', 19240801674, '新加坡爱德华小区', '曾经有一份美好的爱情摆在了我的眼前');
INSERT INTO `user` VALUES (1036, '严倩泉', '4297f44b13955235245b2497399d7a93', '男', 14476519559, '新加坡爱德华小区', '曾经有一份美好的爱情摆在了我的眼前');
INSERT INTO `user` VALUES (1038, '梅燕继', '4297f44b13955235245b2497399d7a93', '男', 16789016876, '新加坡爱德华小区', '曾经有一份美好的爱情摆在了我的眼前');
INSERT INTO `user` VALUES (1039, '单希梅', '4297f44b13955235245b2497399d7a93', '男', 19365540084, '新加坡爱德华小区', '曾经有一份美好的爱情摆在了我的眼前');
INSERT INTO `user` VALUES (1040, '丁廷捷', '4297f44b13955235245b2497399d7a93', '男', 14440561958, '新加坡爱德华小区', '曾经有一份美好的爱情摆在了我的眼前');
INSERT INTO `user` VALUES (1041, '堪贵松', '4297f44b13955235245b2497399d7a93', '男', 15002685383, '新加坡爱德华小区', '曾经有一份美好的爱情摆在了我的眼前');
INSERT INTO `user` VALUES (1042, '郎跃豪', '4297f44b13955235245b2497399d7a93', '男', 17904423269, '新加坡爱德华小区', '曾经有一份美好的爱情摆在了我的眼前');
INSERT INTO `user` VALUES (1043, '章雷平', '4297f44b13955235245b2497399d7a93', '男', 13371811843, '新加坡爱德华小区', '曾经有一份美好的爱情摆在了我的眼前');
INSERT INTO `user` VALUES (1044, '宋艳蔚', '4297f44b13955235245b2497399d7a93', '男', 19647653019, '新加坡爱德华小区', '曾经有一份美好的爱情摆在了我的眼前');
INSERT INTO `user` VALUES (1045, '潘斌长', '4297f44b13955235245b2497399d7a93', '男', 18937963780, '新加坡爱德华小区', '曾经有一份美好的爱情摆在了我的眼前');
INSERT INTO `user` VALUES (1046, '魏艳传', '4297f44b13955235245b2497399d7a93', '男', 18116930867, '新加坡爱德华小区', '曾经有一份美好的爱情摆在了我的眼前');
INSERT INTO `user` VALUES (1047, '骆逸雁', '4297f44b13955235245b2497399d7a93', '男', 13547868866, '新加坡爱德华小区', '曾经有一份美好的爱情摆在了我的眼前');
INSERT INTO `user` VALUES (1048, '萧淑祥', '4297f44b13955235245b2497399d7a93', '男', 18692415794, '新加坡爱德华小区', '曾经有一份美好的爱情摆在了我的眼前');
INSERT INTO `user` VALUES (1049, '娄彪勋', '4297f44b13955235245b2497399d7a93', '男', 15181199411, '新加坡爱德华小区', '曾经有一份美好的爱情摆在了我的眼前');
INSERT INTO `user` VALUES (1050, '杨怡小', '4297f44b13955235245b2497399d7a93', '男', 19012131244, '新加坡爱德华小区', '曾经有一份美好的爱情摆在了我的眼前');
INSERT INTO `user` VALUES (1051, '邹爽亦', '4297f44b13955235245b2497399d7a93', '男', 19862167144, '新加坡爱德华小区', '曾经有一份美好的爱情摆在了我的眼前');
INSERT INTO `user` VALUES (1052, '葛皓兴', '4297f44b13955235245b2497399d7a93', '男', 14748682822, '新加坡爱德华小区', '曾经有一份美好的爱情摆在了我的眼前');
INSERT INTO `user` VALUES (1053, '鲍景真', '4297f44b13955235245b2497399d7a93', '男', 15800585452, '新加坡爱德华小区', '曾经有一份美好的爱情摆在了我的眼前');
INSERT INTO `user` VALUES (1054, '严翔江', '4297f44b13955235245b2497399d7a93', '男', 17933654008, '新加坡爱德华小区', '曾经有一份美好的爱情摆在了我的眼前');
INSERT INTO `user` VALUES (1055, '毕斌日', '4297f44b13955235245b2497399d7a93', '男', 15597435276, '新加坡爱德华小区', '曾经有一份美好的爱情摆在了我的眼前');
INSERT INTO `user` VALUES (1056, '邹飞金', '4297f44b13955235245b2497399d7a93', '男', 14339146755, '新加坡爱德华小区', '曾经有一份美好的爱情摆在了我的眼前');
INSERT INTO `user` VALUES (1057, '龚儿宜', '4297f44b13955235245b2497399d7a93', '男', 18064729278, '新加坡爱德华小区', '曾经有一份美好的爱情摆在了我的眼前');
INSERT INTO `user` VALUES (1058, '杜群月', '4297f44b13955235245b2497399d7a93', '男', 15063062840, '新加坡爱德华小区', '曾经有一份美好的爱情摆在了我的眼前');
INSERT INTO `user` VALUES (1059, '祁奕建', '4297f44b13955235245b2497399d7a93', '男', 17288512339, '新加坡爱德华小区', '曾经有一份美好的爱情摆在了我的眼前');
INSERT INTO `user` VALUES (1060, '陈根乃', '4297f44b13955235245b2497399d7a93', '男', 15231467914, '新加坡爱德华小区', '曾经有一份美好的爱情摆在了我的眼前');
INSERT INTO `user` VALUES (1061, '史仪朝', '4297f44b13955235245b2497399d7a93', '男', 14306714019, '新加坡爱德华小区', '曾经有一份美好的爱情摆在了我的眼前');
INSERT INTO `user` VALUES (1062, '许谦显', '4297f44b13955235245b2497399d7a93', '男', 17156512653, '新加坡爱德华小区', '曾经有一份美好的爱情摆在了我的眼前');
INSERT INTO `user` VALUES (1063, '祁昌心', '4297f44b13955235245b2497399d7a93', '男', 17324695254, '新加坡爱德华小区', '曾经有一份美好的爱情摆在了我的眼前');
INSERT INTO `user` VALUES (1064, '马臣祥', '4297f44b13955235245b2497399d7a93', '男', 15892964101, '新加坡爱德华小区', '曾经有一份美好的爱情摆在了我的眼前');
INSERT INTO `user` VALUES (1065, '夏伦政', '4297f44b13955235245b2497399d7a93', '男', 17221140286, '新加坡爱德华小区', '曾经有一份美好的爱情摆在了我的眼前');
INSERT INTO `user` VALUES (1066, '柯化钧', '4297f44b13955235245b2497399d7a93', '男', 13191683303, '新加坡爱德华小区', '曾经有一份美好的爱情摆在了我的眼前');
INSERT INTO `user` VALUES (1067, '强珍睿', '4297f44b13955235245b2497399d7a93', '男', 16995821317, '新加坡爱德华小区', '曾经有一份美好的爱情摆在了我的眼前');
INSERT INTO `user` VALUES (1068, '田中曼', '4297f44b13955235245b2497399d7a93', '男', 17257438563, '新加坡爱德华小区', '曾经有一份美好的爱情摆在了我的眼前');
INSERT INTO `user` VALUES (1069, '沈潮勤', '4297f44b13955235245b2497399d7a93', '男', 18737338142, '新加坡爱德华小区', '曾经有一份美好的爱情摆在了我的眼前');
INSERT INTO `user` VALUES (1070, '韩荣梓', '4297f44b13955235245b2497399d7a93', '男', 16016226793, '新加坡爱德华小区', '曾经有一份美好的爱情摆在了我的眼前');
INSERT INTO `user` VALUES (1071, '卫锦祥', '4297f44b13955235245b2497399d7a93', '男', 18761389912, '新加坡爱德华小区', '曾经有一份美好的爱情摆在了我的眼前');
INSERT INTO `user` VALUES (1072, '吴钰斌', '4297f44b13955235245b2497399d7a93', '男', 16107048377, '新加坡爱德华小区', '曾经有一份美好的爱情摆在了我的眼前');
INSERT INTO `user` VALUES (1073, '禹彬潮', '4297f44b13955235245b2497399d7a93', '男', 18878645823, '新加坡爱德华小区', '曾经有一份美好的爱情摆在了我的眼前');
INSERT INTO `user` VALUES (1074, '虞庭武', '4297f44b13955235245b2497399d7a93', '男', 18989871357, '新加坡爱德华小区', '曾经有一份美好的爱情摆在了我的眼前');
INSERT INTO `user` VALUES (1075, '史羽绍', '4297f44b13955235245b2497399d7a93', '男', 13549355187, '新加坡爱德华小区', '曾经有一份美好的爱情摆在了我的眼前');
INSERT INTO `user` VALUES (1076, '戴源建', '4297f44b13955235245b2497399d7a93', '男', 15760200194, '新加坡爱德华小区', '曾经有一份美好的爱情摆在了我的眼前');
INSERT INTO `user` VALUES (1077, '贲兆建', '4297f44b13955235245b2497399d7a93', '男', 15802014474, '新加坡爱德华小区', '曾经有一份美好的爱情摆在了我的眼前');
INSERT INTO `user` VALUES (1078, '吕家保', '4297f44b13955235245b2497399d7a93', '男', 15242740493, '新加坡爱德华小区', '曾经有一份美好的爱情摆在了我的眼前');
INSERT INTO `user` VALUES (1079, '罗贤珠', '4297f44b13955235245b2497399d7a93', '男', 15152748415, '新加坡爱德华小区', '曾经有一份美好的爱情摆在了我的眼前');
INSERT INTO `user` VALUES (1080, '高彪康', '4297f44b13955235245b2497399d7a93', '男', 14318010612, '新加坡爱德华小区', '曾经有一份美好的爱情摆在了我的眼前');
INSERT INTO `user` VALUES (1081, '韩树珠', '4297f44b13955235245b2497399d7a93', '男', 16947826607, '新加坡爱德华小区', '曾经有一份美好的爱情摆在了我的眼前');
INSERT INTO `user` VALUES (1082, '季勤峰', '4297f44b13955235245b2497399d7a93', '男', 14767704428, '新加坡爱德华小区', '曾经有一份美好的爱情摆在了我的眼前');
INSERT INTO `user` VALUES (1083, '花达晨', '4297f44b13955235245b2497399d7a93', '男', 13042204917, '新加坡爱德华小区', '曾经有一份美好的爱情摆在了我的眼前');
INSERT INTO `user` VALUES (1084, '许根百', '4297f44b13955235245b2497399d7a93', '男', 14700114848, '新加坡爱德华小区', '曾经有一份美好的爱情摆在了我的眼前');
INSERT INTO `user` VALUES (1085, '杨炜鑫', '4297f44b13955235245b2497399d7a93', '男', 19413644791, '新加坡爱德华小区', '曾经有一份美好的爱情摆在了我的眼前');
INSERT INTO `user` VALUES (1086, '郑梅尧', '4297f44b13955235245b2497399d7a93', '男', 14998196364, '新加坡爱德华小区', '曾经有一份美好的爱情摆在了我的眼前');
INSERT INTO `user` VALUES (1087, '尹洁彬', '4297f44b13955235245b2497399d7a93', '男', 17823991070, '新加坡爱德华小区', '曾经有一份美好的爱情摆在了我的眼前');
INSERT INTO `user` VALUES (1088, '樊鹤会', '4297f44b13955235245b2497399d7a93', '男', 18825150037, '新加坡爱德华小区', '曾经有一份美好的爱情摆在了我的眼前');
INSERT INTO `user` VALUES (1089, '滕霖梦', '4297f44b13955235245b2497399d7a93', '男', 18866512347, '新加坡爱德华小区', '曾经有一份美好的爱情摆在了我的眼前');
INSERT INTO `user` VALUES (1090, '蓝善菊', '4297f44b13955235245b2497399d7a93', '男', 18594291871, '新加坡爱德华小区', '曾经有一份美好的爱情摆在了我的眼前');
INSERT INTO `user` VALUES (1091, '傅顺方', '4297f44b13955235245b2497399d7a93', '男', 19018047090, '新加坡爱德华小区', '曾经有一份美好的爱情摆在了我的眼前');
INSERT INTO `user` VALUES (1092, '卫思小', '4297f44b13955235245b2497399d7a93', '男', 17206571860, '新加坡爱德华小区', '曾经有一份美好的爱情摆在了我的眼前');
INSERT INTO `user` VALUES (1093, '舒冰紫', '4297f44b13955235245b2497399d7a93', '男', 13308088944, '新加坡爱德华小区', '曾经有一份美好的爱情摆在了我的眼前');
INSERT INTO `user` VALUES (1094, '皮仲德', '4297f44b13955235245b2497399d7a93', '男', 15234269004, '新加坡爱德华小区', '曾经有一份美好的爱情摆在了我的眼前');
INSERT INTO `user` VALUES (1095, '鲍珊革', '4297f44b13955235245b2497399d7a93', '男', 16681205986, '新加坡爱德华小区', '曾经有一份美好的爱情摆在了我的眼前');
INSERT INTO `user` VALUES (1096, '黄磊声', '4297f44b13955235245b2497399d7a93', '男', 17851500117, '新加坡爱德华小区', '曾经有一份美好的爱情摆在了我的眼前');
INSERT INTO `user` VALUES (1097, '吉润倩', '4297f44b13955235245b2497399d7a93', '男', 19429655759, '新加坡爱德华小区', '曾经有一份美好的爱情摆在了我的眼前');
INSERT INTO `user` VALUES (1098, '魏廷仪', '4297f44b13955235245b2497399d7a93', '男', 16827755375, '新加坡爱德华小区', '曾经有一份美好的爱情摆在了我的眼前');
INSERT INTO `user` VALUES (1099, '施兴达', '4297f44b13955235245b2497399d7a93', '男', 16532867171, '新加坡爱德华小区', '曾经有一份美好的爱情摆在了我的眼前');
INSERT INTO `user` VALUES (1100, '和蔚伟', '4297f44b13955235245b2497399d7a93', '男', 16834559326, '新加坡爱德华小区', '曾经有一份美好的爱情摆在了我的眼前');
INSERT INTO `user` VALUES (1104, '舒骏双', '4297f44b13955235245b2497399d7a93', '男', 14770547461, '新加坡爱德华小区', '曾经有一份美好的爱情摆在了我的眼前');
INSERT INTO `user` VALUES (1105, '安双冰', '4297f44b13955235245b2497399d7a93', '男', 18177967148, '新加坡爱德华小区', '曾经有一份美好的爱情摆在了我的眼前');
INSERT INTO `user` VALUES (1106, '金嘉革', '4297f44b13955235245b2497399d7a93', '男', 17258548092, '新加坡爱德华小区', '曾经有一份美好的爱情摆在了我的眼前');
INSERT INTO `user` VALUES (1107, '王博妍', '4297f44b13955235245b2497399d7a93', '男', 19112457051, '新加坡爱德华小区', '曾经有一份美好的爱情摆在了我的眼前');
INSERT INTO `user` VALUES (1108, '颜佳孝', '4297f44b13955235245b2497399d7a93', '男', 17047001688, '新加坡爱德华小区', '曾经有一份美好的爱情摆在了我的眼前');
INSERT INTO `user` VALUES (1109, '解惠刚', '4297f44b13955235245b2497399d7a93', '男', 19000465386, '新加坡爱德华小区', '曾经有一份美好的爱情摆在了我的眼前');
INSERT INTO `user` VALUES (1110, '应石珊', '4297f44b13955235245b2497399d7a93', '男', 13265072616, '新加坡爱德华小区', '曾经有一份美好的爱情摆在了我的眼前');
INSERT INTO `user` VALUES (1111, '酆泰菊', '4297f44b13955235245b2497399d7a93', '男', 18869057596, '新加坡爱德华小区', '曾经有一份美好的爱情摆在了我的眼前');
INSERT INTO `user` VALUES (1112, '项凤超', '4297f44b13955235245b2497399d7a93', '男', 17447347024, '新加坡爱德华小区', '曾经有一份美好的爱情摆在了我的眼前');
INSERT INTO `user` VALUES (1113, '管菊伦', '4297f44b13955235245b2497399d7a93', '男', 13655903560, '新加坡爱德华小区', '曾经有一份美好的爱情摆在了我的眼前');
INSERT INTO `user` VALUES (1114, '韩泉恒', '4297f44b13955235245b2497399d7a93', '男', 14752462851, '新加坡爱德华小区', '曾经有一份美好的爱情摆在了我的眼前');
INSERT INTO `user` VALUES (1115, '郎妮宏', '4297f44b13955235245b2497399d7a93', '男', 13498178665, '新加坡爱德华小区', '曾经有一份美好的爱情摆在了我的眼前');
INSERT INTO `user` VALUES (1116, '傅咏成', '4297f44b13955235245b2497399d7a93', '男', 19965095859, '新加坡爱德华小区', '曾经有一份美好的爱情摆在了我的眼前');
INSERT INTO `user` VALUES (1117, '刁梦君', '4297f44b13955235245b2497399d7a93', '男', 18459015605, '新加坡爱德华小区', '曾经有一份美好的爱情摆在了我的眼前');
INSERT INTO `user` VALUES (1118, '邵英夫', '4297f44b13955235245b2497399d7a93', '男', 15529761937, '新加坡爱德华小区', '曾经有一份美好的爱情摆在了我的眼前');
INSERT INTO `user` VALUES (1119, '钟翔波', '4297f44b13955235245b2497399d7a93', '男', 14858102792, '新加坡爱德华小区', '曾经有一份美好的爱情摆在了我的眼前');
INSERT INTO `user` VALUES (1120, '强珍睿', '4297f44b13955235245b2497399d7a93', '男', 16969506434, '新加坡爱德华小区', '曾经有一份美好的爱情摆在了我的眼前');
INSERT INTO `user` VALUES (1121, '季征岩', '4297f44b13955235245b2497399d7a93', '男', 16503049548, '新加坡爱德华小区', '曾经有一份美好的爱情摆在了我的眼前');
INSERT INTO `user` VALUES (1122, '酆振和', '4297f44b13955235245b2497399d7a93', '男', 15408058010, '新加坡爱德华小区', '曾经有一份美好的爱情摆在了我的眼前');
INSERT INTO `user` VALUES (1123, '云然皓', '4297f44b13955235245b2497399d7a93', '男', 15644562979, '新加坡爱德华小区', '曾经有一份美好的爱情摆在了我的眼前');
INSERT INTO `user` VALUES (1124, '时雄淑', '4297f44b13955235245b2497399d7a93', '男', 14572336548, '新加坡爱德华小区', '曾经有一份美好的爱情摆在了我的眼前');
INSERT INTO `user` VALUES (1125, '韦征成', '4297f44b13955235245b2497399d7a93', '男', 13567642832, '新加坡爱德华小区', '曾经有一份美好的爱情摆在了我的眼前');
INSERT INTO `user` VALUES (1126, '胡进皓', '4297f44b13955235245b2497399d7a93', '男', 18195434775, '新加坡爱德华小区', '曾经有一份美好的爱情摆在了我的眼前');
INSERT INTO `user` VALUES (1127, '鲁久彤', '4297f44b13955235245b2497399d7a93', '男', 17329123179, '新加坡爱德华小区', '曾经有一份美好的爱情摆在了我的眼前');
INSERT INTO `user` VALUES (1128, '魏同君', '4297f44b13955235245b2497399d7a93', '男', 13966077523, '新加坡爱德华小区', '曾经有一份美好的爱情摆在了我的眼前');
INSERT INTO `user` VALUES (1129, '狄珊宜', '4297f44b13955235245b2497399d7a93', '男', 13987451987, '新加坡爱德华小区', '曾经有一份美好的爱情摆在了我的眼前');
INSERT INTO `user` VALUES (1130, '危虹锋', '4297f44b13955235245b2497399d7a93', '男', 13734880988, '新加坡爱德华小区', '曾经有一份美好的爱情摆在了我的眼前');
INSERT INTO `user` VALUES (1131, '于珠兆', '4297f44b13955235245b2497399d7a93', '男', 13998662564, '新加坡爱德华小区', '曾经有一份美好的爱情摆在了我的眼前');
INSERT INTO `user` VALUES (1132, '单夏厚', '4297f44b13955235245b2497399d7a93', '男', 15451240921, '新加坡爱德华小区', '曾经有一份美好的爱情摆在了我的眼前');
INSERT INTO `user` VALUES (1133, '马建智', '4297f44b13955235245b2497399d7a93', '男', 14905394236, '新加坡爱德华小区', '曾经有一份美好的爱情摆在了我的眼前');
INSERT INTO `user` VALUES (1134, '戚卫斌', '4297f44b13955235245b2497399d7a93', '男', 17804992624, '新加坡爱德华小区', '曾经有一份美好的爱情摆在了我的眼前');
INSERT INTO `user` VALUES (1135, '庞燕虹', '4297f44b13955235245b2497399d7a93', '男', 15353359327, '新加坡爱德华小区', '曾经有一份美好的爱情摆在了我的眼前');
INSERT INTO `user` VALUES (1136, '宣雪军', '4297f44b13955235245b2497399d7a93', '男', 18591837507, '新加坡爱德华小区', '曾经有一份美好的爱情摆在了我的眼前');
INSERT INTO `user` VALUES (1137, '酆恒剑', '4297f44b13955235245b2497399d7a93', '男', 13094044616, '新加坡爱德华小区', '曾经有一份美好的爱情摆在了我的眼前');
INSERT INTO `user` VALUES (1138, '葛美银', '4297f44b13955235245b2497399d7a93', '男', 18899332947, '新加坡爱德华小区', '曾经有一份美好的爱情摆在了我的眼前');
INSERT INTO `user` VALUES (1139, '胡顺显', '4297f44b13955235245b2497399d7a93', '男', 15663294220, '新加坡爱德华小区', '曾经有一份美好的爱情摆在了我的眼前');
INSERT INTO `user` VALUES (1140, '明涵虹', '4297f44b13955235245b2497399d7a93', '男', 13821106028, '新加坡爱德华小区', '曾经有一份美好的爱情摆在了我的眼前');
INSERT INTO `user` VALUES (1141, '徐柏静', '4297f44b13955235245b2497399d7a93', '男', 14950934516, '新加坡爱德华小区', '曾经有一份美好的爱情摆在了我的眼前');
INSERT INTO `user` VALUES (1142, '汤伟妍', '4297f44b13955235245b2497399d7a93', '男', 14099684313, '新加坡爱德华小区', '曾经有一份美好的爱情摆在了我的眼前');
INSERT INTO `user` VALUES (1143, '朱敏芳', '4297f44b13955235245b2497399d7a93', '男', 14957313488, '新加坡爱德华小区', '曾经有一份美好的爱情摆在了我的眼前');
INSERT INTO `user` VALUES (1144, '邹民凌', '4297f44b13955235245b2497399d7a93', '男', 14814144631, '新加坡爱德华小区', '曾经有一份美好的爱情摆在了我的眼前');
INSERT INTO `user` VALUES (1145, '戴其光', '4297f44b13955235245b2497399d7a93', '男', 17236191921, '新加坡爱德华小区', '曾经有一份美好的爱情摆在了我的眼前');
INSERT INTO `user` VALUES (1146, '钟斌湘', '4297f44b13955235245b2497399d7a93', '男', 15545976041, '新加坡爱德华小区', '曾经有一份美好的爱情摆在了我的眼前');
INSERT INTO `user` VALUES (1147, '赵开依', '4297f44b13955235245b2497399d7a93', '男', 16920062047, '新加坡爱德华小区', '曾经有一份美好的爱情摆在了我的眼前');
INSERT INTO `user` VALUES (1148, '屈磊雷', '4297f44b13955235245b2497399d7a93', '男', 15419379623, '新加坡爱德华小区', '曾经有一份美好的爱情摆在了我的眼前');
INSERT INTO `user` VALUES (1149, '韦生润', '4297f44b13955235245b2497399d7a93', '男', 14009904348, '新加坡爱德华小区', '曾经有一份美好的爱情摆在了我的眼前');
INSERT INTO `user` VALUES (1150, '毛越珠', '4297f44b13955235245b2497399d7a93', '男', 17699703171, '新加坡爱德华小区', '曾经有一份美好的爱情摆在了我的眼前');
INSERT INTO `user` VALUES (1151, '钱素捷', '4297f44b13955235245b2497399d7a93', '男', 18655459261, '新加坡爱德华小区', '曾经有一份美好的爱情摆在了我的眼前');
INSERT INTO `user` VALUES (1152, '阮凡宝', '4297f44b13955235245b2497399d7a93', '男', 15774577379, '新加坡爱德华小区', '曾经有一份美好的爱情摆在了我的眼前');
INSERT INTO `user` VALUES (1153, '葛乃恩', '4297f44b13955235245b2497399d7a93', '男', 13225072790, '新加坡爱德华小区', '曾经有一份美好的爱情摆在了我的眼前');
INSERT INTO `user` VALUES (1154, '赵行宪', '4297f44b13955235245b2497399d7a93', '男', 18760099972, '新加坡爱德华小区', '曾经有一份美好的爱情摆在了我的眼前');
INSERT INTO `user` VALUES (1155, '王蔚茂', '4297f44b13955235245b2497399d7a93', '男', 16454809080, '新加坡爱德华小区', '曾经有一份美好的爱情摆在了我的眼前');
INSERT INTO `user` VALUES (1156, '昌珍碧', '4297f44b13955235245b2497399d7a93', '男', 13139137990, '新加坡爱德华小区', '曾经有一份美好的爱情摆在了我的眼前');
INSERT INTO `user` VALUES (1157, '董菁力', '4297f44b13955235245b2497399d7a93', '男', 16709967900, '新加坡爱德华小区', '曾经有一份美好的爱情摆在了我的眼前');
INSERT INTO `user` VALUES (1158, '郝晶新', '4297f44b13955235245b2497399d7a93', '男', 14392159618, '新加坡爱德华小区', '曾经有一份美好的爱情摆在了我的眼前');
INSERT INTO `user` VALUES (1159, '傅生洋', '4297f44b13955235245b2497399d7a93', '男', 13913275689, '新加坡爱德华小区', '曾经有一份美好的爱情摆在了我的眼前');
INSERT INTO `user` VALUES (1160, '柳乃立', '4297f44b13955235245b2497399d7a93', '男', 17786892826, '新加坡爱德华小区', '曾经有一份美好的爱情摆在了我的眼前');
INSERT INTO `user` VALUES (1161, '尹思延', '4297f44b13955235245b2497399d7a93', '男', 18740964270, '新加坡爱德华小区', '曾经有一份美好的爱情摆在了我的眼前');
INSERT INTO `user` VALUES (1162, '杨浩玮', '4297f44b13955235245b2497399d7a93', '男', 15707380559, '新加坡爱德华小区', '曾经有一份美好的爱情摆在了我的眼前');
INSERT INTO `user` VALUES (1163, '舒祥信', '4297f44b13955235245b2497399d7a93', '男', 15332044566, '新加坡爱德华小区', '曾经有一份美好的爱情摆在了我的眼前');
INSERT INTO `user` VALUES (1164, '干廷艺', '4297f44b13955235245b2497399d7a93', '男', 15872297370, '新加坡爱德华小区', '曾经有一份美好的爱情摆在了我的眼前');
INSERT INTO `user` VALUES (1165, '路妍桂', '4297f44b13955235245b2497399d7a93', '男', 19951829971, '新加坡爱德华小区', '曾经有一份美好的爱情摆在了我的眼前');
INSERT INTO `user` VALUES (1166, '丁颖芝', '4297f44b13955235245b2497399d7a93', '男', 16980985014, '新加坡爱德华小区', '曾经有一份美好的爱情摆在了我的眼前');
INSERT INTO `user` VALUES (1167, '经冠越', '4297f44b13955235245b2497399d7a93', '男', 14658251365, '新加坡爱德华小区', '曾经有一份美好的爱情摆在了我的眼前');
INSERT INTO `user` VALUES (1168, '蔡洪爽', '4297f44b13955235245b2497399d7a93', '男', 15541443124, '新加坡爱德华小区', '曾经有一份美好的爱情摆在了我的眼前');
INSERT INTO `user` VALUES (1169, '钮雷西', '4297f44b13955235245b2497399d7a93', '男', 16673565311, '新加坡爱德华小区', '曾经有一份美好的爱情摆在了我的眼前');
INSERT INTO `user` VALUES (1170, '倪洋福', '4297f44b13955235245b2497399d7a93', '男', 14938193655, '新加坡爱德华小区', '曾经有一份美好的爱情摆在了我的眼前');
INSERT INTO `user` VALUES (1171, '章贤冠', '4297f44b13955235245b2497399d7a93', '男', 13159308905, '新加坡爱德华小区', '曾经有一份美好的爱情摆在了我的眼前');
INSERT INTO `user` VALUES (1172, '屈声辰', '4297f44b13955235245b2497399d7a93', '男', 14999615688, '新加坡爱德华小区', '曾经有一份美好的爱情摆在了我的眼前');
INSERT INTO `user` VALUES (1173, '俞帆洁', '4297f44b13955235245b2497399d7a93', '男', 18721114700, '新加坡爱德华小区', '曾经有一份美好的爱情摆在了我的眼前');
INSERT INTO `user` VALUES (1174, '秦康俊', '4297f44b13955235245b2497399d7a93', '男', 13737608543, '新加坡爱德华小区', '曾经有一份美好的爱情摆在了我的眼前');
INSERT INTO `user` VALUES (1175, '穆兵鹏', '4297f44b13955235245b2497399d7a93', '男', 19741767081, '新加坡爱德华小区', '曾经有一份美好的爱情摆在了我的眼前');
INSERT INTO `user` VALUES (1176, '万娟彬', '4297f44b13955235245b2497399d7a93', '男', 15867606555, '新加坡爱德华小区', '曾经有一份美好的爱情摆在了我的眼前');
INSERT INTO `user` VALUES (1177, '宋冠石', '4297f44b13955235245b2497399d7a93', '男', 15470307085, '新加坡爱德华小区', '曾经有一份美好的爱情摆在了我的眼前');
INSERT INTO `user` VALUES (1178, '娄天非', '4297f44b13955235245b2497399d7a93', '男', 17874595370, '新加坡爱德华小区', '曾经有一份美好的爱情摆在了我的眼前');
INSERT INTO `user` VALUES (1179, '钮伦彤', '4297f44b13955235245b2497399d7a93', '男', 18743586926, '新加坡爱德华小区', '曾经有一份美好的爱情摆在了我的眼前');
INSERT INTO `user` VALUES (1180, '石睿年', '4297f44b13955235245b2497399d7a93', '男', 19264079477, '新加坡爱德华小区', '曾经有一份美好的爱情摆在了我的眼前');
INSERT INTO `user` VALUES (1181, '殷成尧', '4297f44b13955235245b2497399d7a93', '男', 18825644576, '新加坡爱德华小区', '曾经有一份美好的爱情摆在了我的眼前');
INSERT INTO `user` VALUES (1182, '狄震诗', '4297f44b13955235245b2497399d7a93', '男', 19654475427, '新加坡爱德华小区', '曾经有一份美好的爱情摆在了我的眼前');
INSERT INTO `user` VALUES (1183, '窦健西', '4297f44b13955235245b2497399d7a93', '男', 14719661747, '新加坡爱德华小区', '曾经有一份美好的爱情摆在了我的眼前');
INSERT INTO `user` VALUES (1184, '谢萌学', '4297f44b13955235245b2497399d7a93', '男', 16463586836, '新加坡爱德华小区', '曾经有一份美好的爱情摆在了我的眼前');
INSERT INTO `user` VALUES (1185, '彭岩凡', '4297f44b13955235245b2497399d7a93', '男', 19912817040, '新加坡爱德华小区', '曾经有一份美好的爱情摆在了我的眼前');
INSERT INTO `user` VALUES (1186, '项帆皓', '4297f44b13955235245b2497399d7a93', '男', 15753571106, '新加坡爱德华小区', '曾经有一份美好的爱情摆在了我的眼前');
INSERT INTO `user` VALUES (1187, '宗权泰', '4297f44b13955235245b2497399d7a93', '男', 13702879585, '新加坡爱德华小区', '曾经有一份美好的爱情摆在了我的眼前');
INSERT INTO `user` VALUES (1188, '顾政娟', '4297f44b13955235245b2497399d7a93', '男', 14629646822, '新加坡爱德华小区', '曾经有一份美好的爱情摆在了我的眼前');
INSERT INTO `user` VALUES (1189, '钟媛岳', '4297f44b13955235245b2497399d7a93', '男', 14929361802, '新加坡爱德华小区', '曾经有一份美好的爱情摆在了我的眼前');
INSERT INTO `user` VALUES (1190, '陶平航', '4297f44b13955235245b2497399d7a93', '男', 15804518602, '新加坡爱德华小区', '曾经有一份美好的爱情摆在了我的眼前');
INSERT INTO `user` VALUES (1191, '苗丽倩', '4297f44b13955235245b2497399d7a93', '男', 15830058679, '新加坡爱德华小区', '曾经有一份美好的爱情摆在了我的眼前');
INSERT INTO `user` VALUES (1192, '酆剑雪', '4297f44b13955235245b2497399d7a93', '男', 18838570042, '新加坡爱德华小区', '曾经有一份美好的爱情摆在了我的眼前');
INSERT INTO `user` VALUES (1193, '阮淇森', '4297f44b13955235245b2497399d7a93', '男', 14186591137, '新加坡爱德华小区', '曾经有一份美好的爱情摆在了我的眼前');
INSERT INTO `user` VALUES (1194, '姚金日', '4297f44b13955235245b2497399d7a93', '男', 16449445166, '新加坡爱德华小区', '曾经有一份美好的爱情摆在了我的眼前');
INSERT INTO `user` VALUES (1195, '唐楠皓', '4297f44b13955235245b2497399d7a93', '男', 14590011466, '新加坡爱德华小区', '曾经有一份美好的爱情摆在了我的眼前');
INSERT INTO `user` VALUES (1196, '罗松为', '4297f44b13955235245b2497399d7a93', '男', 18051776062, '新加坡爱德华小区', '曾经有一份美好的爱情摆在了我的眼前');
INSERT INTO `user` VALUES (1197, '郭士孝', '4297f44b13955235245b2497399d7a93', '男', 14996943939, '新加坡爱德华小区', '曾经有一份美好的爱情摆在了我的眼前');
INSERT INTO `user` VALUES (1198, '顾树久', '4297f44b13955235245b2497399d7a93', '男', 15910765310, '新加坡爱德华小区', '曾经有一份美好的爱情摆在了我的眼前');
INSERT INTO `user` VALUES (1199, '杭伟雄', '4297f44b13955235245b2497399d7a93', '男', 14121493773, '新加坡爱德华小区', '曾经有一份美好的爱情摆在了我的眼前');
INSERT INTO `user` VALUES (1200, '秦宇宏', '4297f44b13955235245b2497399d7a93', '男', 19887383472, '新加坡爱德华小区', '曾经有一份美好的爱情摆在了我的眼前');
INSERT INTO `user` VALUES (1201, '薛少柏', '4297f44b13955235245b2497399d7a93', '男', 15367672139, '新加坡爱德华小区', '曾经有一份美好的爱情摆在了我的眼前');
INSERT INTO `user` VALUES (1202, '钱素定', '4297f44b13955235245b2497399d7a93', '男', 18682259425, '新加坡爱德华小区', '曾经有一份美好的爱情摆在了我的眼前');
INSERT INTO `user` VALUES (1203, '骆雯山', '4297f44b13955235245b2497399d7a93', '男', 16988360216, '新加坡爱德华小区', '曾经有一份美好的爱情摆在了我的眼前');
INSERT INTO `user` VALUES (1204, '洪晨雄', '4297f44b13955235245b2497399d7a93', '男', 13042317328, '新加坡爱德华小区', '曾经有一份美好的爱情摆在了我的眼前');
INSERT INTO `user` VALUES (1205, '单尧胜', '4297f44b13955235245b2497399d7a93', '男', 15246564065, '新加坡爱德华小区', '曾经有一份美好的爱情摆在了我的眼前');
INSERT INTO `user` VALUES (1206, '乐章心', '4297f44b13955235245b2497399d7a93', '男', 13398923479, '新加坡爱德华小区', '曾经有一份美好的爱情摆在了我的眼前');
INSERT INTO `user` VALUES (1207, '高同梓', '4297f44b13955235245b2497399d7a93', '男', 17497102059, '新加坡爱德华小区', '曾经有一份美好的爱情摆在了我的眼前');
INSERT INTO `user` VALUES (1208, '谢高富', '4297f44b13955235245b2497399d7a93', '男', 15287170673, '新加坡爱德华小区', '曾经有一份美好的爱情摆在了我的眼前');
INSERT INTO `user` VALUES (1209, '路萌哲', '4297f44b13955235245b2497399d7a93', '男', 15780981412, '新加坡爱德华小区', '曾经有一份美好的爱情摆在了我的眼前');
INSERT INTO `user` VALUES (1210, '陶芳为', '4297f44b13955235245b2497399d7a93', '男', 13165148059, '新加坡爱德华小区', '曾经有一份美好的爱情摆在了我的眼前');
INSERT INTO `user` VALUES (1211, '项瑜楚', '4297f44b13955235245b2497399d7a93', '男', 19814941615, '新加坡爱德华小区', '曾经有一份美好的爱情摆在了我的眼前');
INSERT INTO `user` VALUES (1212, '水满利', '4297f44b13955235245b2497399d7a93', '男', 13907942528, '新加坡爱德华小区', '曾经有一份美好的爱情摆在了我的眼前');
INSERT INTO `user` VALUES (1213, '费碧兰', '4297f44b13955235245b2497399d7a93', '男', 16184455143, '新加坡爱德华小区', '曾经有一份美好的爱情摆在了我的眼前');
INSERT INTO `user` VALUES (1214, '卢恒恩', '4297f44b13955235245b2497399d7a93', '男', 13441339949, '新加坡爱德华小区', '曾经有一份美好的爱情摆在了我的眼前');
INSERT INTO `user` VALUES (1215, '洪书茂', '4297f44b13955235245b2497399d7a93', '男', 19153863568, '新加坡爱德华小区', '曾经有一份美好的爱情摆在了我的眼前');
INSERT INTO `user` VALUES (1216, '颜锦东', '4297f44b13955235245b2497399d7a93', '男', 16703194267, '新加坡爱德华小区', '曾经有一份美好的爱情摆在了我的眼前');
INSERT INTO `user` VALUES (1217, '康辉田', '4297f44b13955235245b2497399d7a93', '男', 13822735545, '新加坡爱德华小区', '曾经有一份美好的爱情摆在了我的眼前');
INSERT INTO `user` VALUES (1218, '莫淑芬', '4297f44b13955235245b2497399d7a93', '男', 14658759728, '新加坡爱德华小区', '曾经有一份美好的爱情摆在了我的眼前');
INSERT INTO `user` VALUES (1219, '郁孝聪', '4297f44b13955235245b2497399d7a93', '男', 14745900197, '新加坡爱德华小区', '曾经有一份美好的爱情摆在了我的眼前');
INSERT INTO `user` VALUES (1220, '范茜鹏', '4297f44b13955235245b2497399d7a93', '男', 19124215294, '新加坡爱德华小区', '曾经有一份美好的爱情摆在了我的眼前');
INSERT INTO `user` VALUES (1221, '邵凯水', '4297f44b13955235245b2497399d7a93', '男', 13963849520, '新加坡爱德华小区', '曾经有一份美好的爱情摆在了我的眼前');
INSERT INTO `user` VALUES (1222, '屈伦声', '4297f44b13955235245b2497399d7a93', '男', 13493763624, '新加坡爱德华小区', '曾经有一份美好的爱情摆在了我的眼前');
INSERT INTO `user` VALUES (1223, '苏城升', '4297f44b13955235245b2497399d7a93', '男', 13085950128, '新加坡爱德华小区', '曾经有一份美好的爱情摆在了我的眼前');
INSERT INTO `user` VALUES (1224, '柳栋承', '4297f44b13955235245b2497399d7a93', '男', 14791917148, '新加坡爱德华小区', '曾经有一份美好的爱情摆在了我的眼前');
INSERT INTO `user` VALUES (1225, '凤晓仲', '4297f44b13955235245b2497399d7a93', '男', 17191950987, '新加坡爱德华小区', '曾经有一份美好的爱情摆在了我的眼前');
INSERT INTO `user` VALUES (1226, '麻素鲁', '4297f44b13955235245b2497399d7a93', '男', 13691876904, '新加坡爱德华小区', '曾经有一份美好的爱情摆在了我的眼前');
INSERT INTO `user` VALUES (1227, '窦珠林', '4297f44b13955235245b2497399d7a93', '男', 16874382435, '新加坡爱德华小区', '曾经有一份美好的爱情摆在了我的眼前');
INSERT INTO `user` VALUES (1228, '邹康芝', '4297f44b13955235245b2497399d7a93', '男', 19588041938, '新加坡爱德华小区', '曾经有一份美好的爱情摆在了我的眼前');
INSERT INTO `user` VALUES (1229, '洪建玉', '4297f44b13955235245b2497399d7a93', '男', 14886965297, '新加坡爱德华小区', '曾经有一份美好的爱情摆在了我的眼前');
INSERT INTO `user` VALUES (1230, '刁克昕', '4297f44b13955235245b2497399d7a93', '男', 14379661321, '新加坡爱德华小区', '曾经有一份美好的爱情摆在了我的眼前');
INSERT INTO `user` VALUES (1231, '章棋灵', '4297f44b13955235245b2497399d7a93', '男', 19467918988, '新加坡爱德华小区', '曾经有一份美好的爱情摆在了我的眼前');
INSERT INTO `user` VALUES (1232, '萧成武', '4297f44b13955235245b2497399d7a93', '男', 13922845225, '新加坡爱德华小区', '曾经有一份美好的爱情摆在了我的眼前');
INSERT INTO `user` VALUES (1233, '于高勤', '4297f44b13955235245b2497399d7a93', '男', 13492431487, '新加坡爱德华小区', '曾经有一份美好的爱情摆在了我的眼前');
INSERT INTO `user` VALUES (1234, '柏君雅', '4297f44b13955235245b2497399d7a93', '男', 15085091923, '新加坡爱德华小区', '曾经有一份美好的爱情摆在了我的眼前');
INSERT INTO `user` VALUES (1235, '臧心晖', '4297f44b13955235245b2497399d7a93', '男', 17849773469, '新加坡爱德华小区', '曾经有一份美好的爱情摆在了我的眼前');
INSERT INTO `user` VALUES (1236, '经钰纯', '4297f44b13955235245b2497399d7a93', '男', 18738567567, '新加坡爱德华小区', '曾经有一份美好的爱情摆在了我的眼前');
INSERT INTO `user` VALUES (1237, '华祖瑞', '4297f44b13955235245b2497399d7a93', '男', 13892246408, '新加坡爱德华小区', '曾经有一份美好的爱情摆在了我的眼前');
INSERT INTO `user` VALUES (1238, '酆露城', '4297f44b13955235245b2497399d7a93', '男', 15591571230, '新加坡爱德华小区', '曾经有一份美好的爱情摆在了我的眼前');
INSERT INTO `user` VALUES (1239, '施汝宪', '4297f44b13955235245b2497399d7a93', '男', 14751726332, '新加坡爱德华小区', '曾经有一份美好的爱情摆在了我的眼前');
INSERT INTO `user` VALUES (1240, '水桐兴', '4297f44b13955235245b2497399d7a93', '男', 15044569612, '新加坡爱德华小区', '曾经有一份美好的爱情摆在了我的眼前');
INSERT INTO `user` VALUES (1241, '乐儿腾', '4297f44b13955235245b2497399d7a93', '男', 14070717427, '新加坡爱德华小区', '曾经有一份美好的爱情摆在了我的眼前');
INSERT INTO `user` VALUES (1242, '邱彤武', '4297f44b13955235245b2497399d7a93', '男', 13477828209, '新加坡爱德华小区', '曾经有一份美好的爱情摆在了我的眼前');
INSERT INTO `user` VALUES (1243, '马淑同', '4297f44b13955235245b2497399d7a93', '男', 14612312199, '新加坡爱德华小区', '曾经有一份美好的爱情摆在了我的眼前');
INSERT INTO `user` VALUES (1244, '余若飞', '4297f44b13955235245b2497399d7a93', '男', 13048276668, '新加坡爱德华小区', '曾经有一份美好的爱情摆在了我的眼前');
INSERT INTO `user` VALUES (1245, '龚卓青', '4297f44b13955235245b2497399d7a93', '男', 19416259408, '新加坡爱德华小区', '曾经有一份美好的爱情摆在了我的眼前');
INSERT INTO `user` VALUES (1246, '云乃廷', '4297f44b13955235245b2497399d7a93', '男', 15251434765, '新加坡爱德华小区', '曾经有一份美好的爱情摆在了我的眼前');
INSERT INTO `user` VALUES (1247, '时凡晨', '4297f44b13955235245b2497399d7a93', '男', 14715280057, '新加坡爱德华小区', '曾经有一份美好的爱情摆在了我的眼前');
INSERT INTO `user` VALUES (1248, '蒋良燕', '4297f44b13955235245b2497399d7a93', '男', 13939474879, '新加坡爱德华小区', '曾经有一份美好的爱情摆在了我的眼前');
INSERT INTO `user` VALUES (1249, '项道威', '4297f44b13955235245b2497399d7a93', '男', 15912431405, '新加坡爱德华小区', '曾经有一份美好的爱情摆在了我的眼前');
INSERT INTO `user` VALUES (1250, '盛中正', '4297f44b13955235245b2497399d7a93', '男', 14543965583, '新加坡爱德华小区', '曾经有一份美好的爱情摆在了我的眼前');
INSERT INTO `user` VALUES (1251, '韦定鲁', '4297f44b13955235245b2497399d7a93', '男', 14628441512, '新加坡爱德华小区', '曾经有一份美好的爱情摆在了我的眼前');
INSERT INTO `user` VALUES (1252, '姚月世', '4297f44b13955235245b2497399d7a93', '男', 17767631657, '新加坡爱德华小区', '曾经有一份美好的爱情摆在了我的眼前');
INSERT INTO `user` VALUES (1253, '汪进佳', '4297f44b13955235245b2497399d7a93', '男', 13545444736, '新加坡爱德华小区', '曾经有一份美好的爱情摆在了我的眼前');
INSERT INTO `user` VALUES (1254, '黄钰扬', '4297f44b13955235245b2497399d7a93', '男', 15996531860, '新加坡爱德华小区', '曾经有一份美好的爱情摆在了我的眼前');
INSERT INTO `user` VALUES (1255, '云勇夫', '4297f44b13955235245b2497399d7a93', '男', 18341461626, '新加坡爱德华小区', '曾经有一份美好的爱情摆在了我的眼前');
INSERT INTO `user` VALUES (1256, '金颖克', '4297f44b13955235245b2497399d7a93', '男', 14498694278, '新加坡爱德华小区', '曾经有一份美好的爱情摆在了我的眼前');
INSERT INTO `user` VALUES (1257, '吴凤波', '4297f44b13955235245b2497399d7a93', '男', 14598923843, '新加坡爱德华小区', '曾经有一份美好的爱情摆在了我的眼前');
INSERT INTO `user` VALUES (1258, '米强恩', '4297f44b13955235245b2497399d7a93', '男', 14229997863, '新加坡爱德华小区', '曾经有一份美好的爱情摆在了我的眼前');
INSERT INTO `user` VALUES (1259, '胡和日', '4297f44b13955235245b2497399d7a93', '男', 14708392094, '新加坡爱德华小区', '曾经有一份美好的爱情摆在了我的眼前');
INSERT INTO `user` VALUES (1260, '沈广岚', '4297f44b13955235245b2497399d7a93', '男', 14988896517, '新加坡爱德华小区', '曾经有一份美好的爱情摆在了我的眼前');
INSERT INTO `user` VALUES (1261, '殷丽银', '4297f44b13955235245b2497399d7a93', '男', 15483121539, '新加坡爱德华小区', '曾经有一份美好的爱情摆在了我的眼前');
INSERT INTO `user` VALUES (1262, '伏钧晨', '4297f44b13955235245b2497399d7a93', '男', 18302455560, '新加坡爱德华小区', '曾经有一份美好的爱情摆在了我的眼前');
INSERT INTO `user` VALUES (1263, '支星安', '4297f44b13955235245b2497399d7a93', '男', 19723455497, '新加坡爱德华小区', '曾经有一份美好的爱情摆在了我的眼前');
INSERT INTO `user` VALUES (1264, '盛银琪', '4297f44b13955235245b2497399d7a93', '男', 17600195773, '新加坡爱德华小区', '曾经有一份美好的爱情摆在了我的眼前');
INSERT INTO `user` VALUES (1265, '蓝风光', '4297f44b13955235245b2497399d7a93', '男', 16489117802, '新加坡爱德华小区', '曾经有一份美好的爱情摆在了我的眼前');
INSERT INTO `user` VALUES (1266, '平妮冠', '4297f44b13955235245b2497399d7a93', '男', 17601223671, '新加坡爱德华小区', '曾经有一份美好的爱情摆在了我的眼前');
INSERT INTO `user` VALUES (1267, '骆群升', '4297f44b13955235245b2497399d7a93', '男', 17949327177, '新加坡爱德华小区', '曾经有一份美好的爱情摆在了我的眼前');
INSERT INTO `user` VALUES (1268, '穆日璇', '4297f44b13955235245b2497399d7a93', '男', 18160272222, '新加坡爱德华小区', '曾经有一份美好的爱情摆在了我的眼前');
INSERT INTO `user` VALUES (1269, '周凤成', '4297f44b13955235245b2497399d7a93', '男', 14715061432, '新加坡爱德华小区', '曾经有一份美好的爱情摆在了我的眼前');
INSERT INTO `user` VALUES (1270, '蒋浩冬', '4297f44b13955235245b2497399d7a93', '男', 15769500662, '新加坡爱德华小区', '曾经有一份美好的爱情摆在了我的眼前');
INSERT INTO `user` VALUES (1271, '潘恒章', '4297f44b13955235245b2497399d7a93', '男', 17253586733, '新加坡爱德华小区', '曾经有一份美好的爱情摆在了我的眼前');
INSERT INTO `user` VALUES (1272, '凌臣虎', '4297f44b13955235245b2497399d7a93', '男', 14051809456, '新加坡爱德华小区', '曾经有一份美好的爱情摆在了我的眼前');
INSERT INTO `user` VALUES (1273, '路和平', '4297f44b13955235245b2497399d7a93', '男', 13797409448, '新加坡爱德华小区', '曾经有一份美好的爱情摆在了我的眼前');
INSERT INTO `user` VALUES (1274, '闵晓亮', '4297f44b13955235245b2497399d7a93', '男', 16589276626, '新加坡爱德华小区', '曾经有一份美好的爱情摆在了我的眼前');
INSERT INTO `user` VALUES (1275, '凌景贵', '4297f44b13955235245b2497399d7a93', '男', 19412565654, '新加坡爱德华小区', '曾经有一份美好的爱情摆在了我的眼前');
INSERT INTO `user` VALUES (1276, '诸航健', '4297f44b13955235245b2497399d7a93', '男', 18340158065, '新加坡爱德华小区', '曾经有一份美好的爱情摆在了我的眼前');
INSERT INTO `user` VALUES (1277, '水碧森', '4297f44b13955235245b2497399d7a93', '男', 17479729903, '新加坡爱德华小区', '曾经有一份美好的爱情摆在了我的眼前');
INSERT INTO `user` VALUES (1278, '孙化一', '4297f44b13955235245b2497399d7a93', '男', 17943235479, '新加坡爱德华小区', '曾经有一份美好的爱情摆在了我的眼前');
INSERT INTO `user` VALUES (1279, '齐凡铁', '4297f44b13955235245b2497399d7a93', '男', 19698003194, '新加坡爱德华小区', '曾经有一份美好的爱情摆在了我的眼前');
INSERT INTO `user` VALUES (1280, '杜凯骏', '4297f44b13955235245b2497399d7a93', '男', 14348528920, '新加坡爱德华小区', '曾经有一份美好的爱情摆在了我的眼前');
INSERT INTO `user` VALUES (1281, '孔谦承', '4297f44b13955235245b2497399d7a93', '男', 13465419932, '新加坡爱德华小区', '曾经有一份美好的爱情摆在了我的眼前');
INSERT INTO `user` VALUES (1282, '彭丹景', '4297f44b13955235245b2497399d7a93', '男', 16801910766, '新加坡爱德华小区', '曾经有一份美好的爱情摆在了我的眼前');
INSERT INTO `user` VALUES (1283, '管萍强', '4297f44b13955235245b2497399d7a93', '男', 16721374354, '新加坡爱德华小区', '曾经有一份美好的爱情摆在了我的眼前');
INSERT INTO `user` VALUES (1284, '姚芳颖', '4297f44b13955235245b2497399d7a93', '男', 15162895263, '新加坡爱德华小区', '曾经有一份美好的爱情摆在了我的眼前');
INSERT INTO `user` VALUES (1285, '赵吉鲁', '4297f44b13955235245b2497399d7a93', '男', 16976582972, '新加坡爱德华小区', '曾经有一份美好的爱情摆在了我的眼前');
INSERT INTO `user` VALUES (1286, '柯才立', '4297f44b13955235245b2497399d7a93', '男', 14876373004, '新加坡爱德华小区', '曾经有一份美好的爱情摆在了我的眼前');
INSERT INTO `user` VALUES (1287, '路珍逸', '4297f44b13955235245b2497399d7a93', '男', 15340556539, '新加坡爱德华小区', '曾经有一份美好的爱情摆在了我的眼前');
INSERT INTO `user` VALUES (1288, '崔雅廷', '4297f44b13955235245b2497399d7a93', '男', 13362294218, '新加坡爱德华小区', '曾经有一份美好的爱情摆在了我的眼前');
INSERT INTO `user` VALUES (1289, '姚奕中', '4297f44b13955235245b2497399d7a93', '男', 13628771423, '新加坡爱德华小区', '曾经有一份美好的爱情摆在了我的眼前');
INSERT INTO `user` VALUES (1290, '虞炜金', '4297f44b13955235245b2497399d7a93', '男', 16400392977, '新加坡爱德华小区', '曾经有一份美好的爱情摆在了我的眼前');
INSERT INTO `user` VALUES (1291, '沈波庭', '4297f44b13955235245b2497399d7a93', '男', 15788224207, '新加坡爱德华小区', '曾经有一份美好的爱情摆在了我的眼前');
INSERT INTO `user` VALUES (1292, '杨小紫', '4297f44b13955235245b2497399d7a93', '男', 19335249589, '新加坡爱德华小区', '曾经有一份美好的爱情摆在了我的眼前');
INSERT INTO `user` VALUES (1293, '林晋之', '4297f44b13955235245b2497399d7a93', '男', 17954699499, '新加坡爱德华小区', '曾经有一份美好的爱情摆在了我的眼前');
INSERT INTO `user` VALUES (1294, '毕涛章', '4297f44b13955235245b2497399d7a93', '男', 18716149421, '新加坡爱德华小区', '曾经有一份美好的爱情摆在了我的眼前');
INSERT INTO `user` VALUES (1295, '咎新红', '4297f44b13955235245b2497399d7a93', '男', 18328455644, '新加坡爱德华小区', '曾经有一份美好的爱情摆在了我的眼前');
INSERT INTO `user` VALUES (1296, '咎奇丽', '4297f44b13955235245b2497399d7a93', '男', 14447804819, '新加坡爱德华小区', '曾经有一份美好的爱情摆在了我的眼前');
INSERT INTO `user` VALUES (1297, '项男湘', '4297f44b13955235245b2497399d7a93', '男', 13697424541, '新加坡爱德华小区', '曾经有一份美好的爱情摆在了我的眼前');
INSERT INTO `user` VALUES (1298, '马维秋', '4297f44b13955235245b2497399d7a93', '男', 19884666017, '新加坡爱德华小区', '曾经有一份美好的爱情摆在了我的眼前');
INSERT INTO `user` VALUES (1299, '邬虎月', '4297f44b13955235245b2497399d7a93', '男', 18408249452, '新加坡爱德华小区', '曾经有一份美好的爱情摆在了我的眼前');
INSERT INTO `user` VALUES (1300, '伍耀伟', '4297f44b13955235245b2497399d7a93', '男', 14194137600, '新加坡爱德华小区', '曾经有一份美好的爱情摆在了我的眼前');
INSERT INTO `user` VALUES (1301, '乐石有', '4297f44b13955235245b2497399d7a93', '男', 15148381594, '新加坡爱德华小区', '曾经有一份美好的爱情摆在了我的眼前');
INSERT INTO `user` VALUES (1302, '龚发百', '4297f44b13955235245b2497399d7a93', '男', 13687453120, '新加坡爱德华小区', '曾经有一份美好的爱情摆在了我的眼前');
INSERT INTO `user` VALUES (1303, '葛正虹', '4297f44b13955235245b2497399d7a93', '男', 14936663286, '新加坡爱德华小区', '曾经有一份美好的爱情摆在了我的眼前');
INSERT INTO `user` VALUES (1304, '秦睿伊', '4297f44b13955235245b2497399d7a93', '男', 14527277398, '新加坡爱德华小区', '曾经有一份美好的爱情摆在了我的眼前');
INSERT INTO `user` VALUES (1305, '崔雷麒', '4297f44b13955235245b2497399d7a93', '男', 17125021825, '新加坡爱德华小区', '曾经有一份美好的爱情摆在了我的眼前');
INSERT INTO `user` VALUES (1306, '鲍武阳', '4297f44b13955235245b2497399d7a93', '男', 16278822868, '新加坡爱德华小区', '曾经有一份美好的爱情摆在了我的眼前');
INSERT INTO `user` VALUES (1307, '葛友静', '4297f44b13955235245b2497399d7a93', '男', 18883465073, '新加坡爱德华小区', '曾经有一份美好的爱情摆在了我的眼前');
INSERT INTO `user` VALUES (1308, '经夫鹏', '4297f44b13955235245b2497399d7a93', '男', 16357064808, '新加坡爱德华小区', '曾经有一份美好的爱情摆在了我的眼前');
INSERT INTO `user` VALUES (1309, '梅黎威', '4297f44b13955235245b2497399d7a93', '男', 14988616853, '新加坡爱德华小区', '曾经有一份美好的爱情摆在了我的眼前');
INSERT INTO `user` VALUES (1310, '黄崇少', '4297f44b13955235245b2497399d7a93', '男', 15443149024, '新加坡爱德华小区', '曾经有一份美好的爱情摆在了我的眼前');
INSERT INTO `user` VALUES (1311, '倪锡鸣', '4297f44b13955235245b2497399d7a93', '男', 13410952875, '新加坡爱德华小区', '曾经有一份美好的爱情摆在了我的眼前');
INSERT INTO `user` VALUES (1312, '徐琦强', '4297f44b13955235245b2497399d7a93', '男', 14470316742, '新加坡爱德华小区', '曾经有一份美好的爱情摆在了我的眼前');
INSERT INTO `user` VALUES (1313, '周久信', '4297f44b13955235245b2497399d7a93', '男', 13855683549, '新加坡爱德华小区', '曾经有一份美好的爱情摆在了我的眼前');
INSERT INTO `user` VALUES (1314, '窦川纯', '4297f44b13955235245b2497399d7a93', '男', 13846304544, '新加坡爱德华小区', '曾经有一份美好的爱情摆在了我的眼前');
INSERT INTO `user` VALUES (1315, '李湘燕', '4297f44b13955235245b2497399d7a93', '男', 15368137938, '新加坡爱德华小区', '曾经有一份美好的爱情摆在了我的眼前');
INSERT INTO `user` VALUES (1316, '严翰若', '4297f44b13955235245b2497399d7a93', '男', 13351492627, '新加坡爱德华小区', '曾经有一份美好的爱情摆在了我的眼前');
INSERT INTO `user` VALUES (1317, '傅达有', '4297f44b13955235245b2497399d7a93', '男', 17994144903, '新加坡爱德华小区', '曾经有一份美好的爱情摆在了我的眼前');
INSERT INTO `user` VALUES (1318, '路城美', '4297f44b13955235245b2497399d7a93', '男', 18951061913, '新加坡爱德华小区', '曾经有一份美好的爱情摆在了我的眼前');
INSERT INTO `user` VALUES (1319, '葛栋善', '4297f44b13955235245b2497399d7a93', '男', 14239148989, '新加坡爱德华小区', '曾经有一份美好的爱情摆在了我的眼前');
INSERT INTO `user` VALUES (1320, '夏传永', '4297f44b13955235245b2497399d7a93', '男', 16636752379, '新加坡爱德华小区', '曾经有一份美好的爱情摆在了我的眼前');
INSERT INTO `user` VALUES (1321, '张会瑞', '4297f44b13955235245b2497399d7a93', '男', 17096593461, '新加坡爱德华小区', '曾经有一份美好的爱情摆在了我的眼前');
INSERT INTO `user` VALUES (1322, '李先梅', '4297f44b13955235245b2497399d7a93', '男', 16744564668, '新加坡爱德华小区', '曾经有一份美好的爱情摆在了我的眼前');
INSERT INTO `user` VALUES (1323, '徐百妮', '4297f44b13955235245b2497399d7a93', '男', 15760712143, '新加坡爱德华小区', '曾经有一份美好的爱情摆在了我的眼前');
INSERT INTO `user` VALUES (1324, '诸承雅', '4297f44b13955235245b2497399d7a93', '男', 13121235519, '新加坡爱德华小区', '曾经有一份美好的爱情摆在了我的眼前');
INSERT INTO `user` VALUES (1325, '费兵琳', '4297f44b13955235245b2497399d7a93', '男', 14969378550, '新加坡爱德华小区', '曾经有一份美好的爱情摆在了我的眼前');
INSERT INTO `user` VALUES (1326, '史宪睿', '4297f44b13955235245b2497399d7a93', '男', 13373168531, '新加坡爱德华小区', '曾经有一份美好的爱情摆在了我的眼前');
INSERT INTO `user` VALUES (1327, '阮昌维', '4297f44b13955235245b2497399d7a93', '男', 18864633611, '新加坡爱德华小区', '曾经有一份美好的爱情摆在了我的眼前');
INSERT INTO `user` VALUES (1328, '江大锋', '4297f44b13955235245b2497399d7a93', '男', 14654661380, '新加坡爱德华小区', '曾经有一份美好的爱情摆在了我的眼前');
INSERT INTO `user` VALUES (1329, '阮毅生', '4297f44b13955235245b2497399d7a93', '男', 15519606329, '新加坡爱德华小区', '曾经有一份美好的爱情摆在了我的眼前');
INSERT INTO `user` VALUES (1330, '凌航培', '4297f44b13955235245b2497399d7a93', '男', 18336659131, '新加坡爱德华小区', '曾经有一份美好的爱情摆在了我的眼前');
INSERT INTO `user` VALUES (1331, '冯锋菊', '4297f44b13955235245b2497399d7a93', '男', 15307919177, '新加坡爱德华小区', '曾经有一份美好的爱情摆在了我的眼前');
INSERT INTO `user` VALUES (1332, '徐儿满', '4297f44b13955235245b2497399d7a93', '男', 14372655617, '新加坡爱德华小区', '曾经有一份美好的爱情摆在了我的眼前');
INSERT INTO `user` VALUES (1333, '康荣霖', '4297f44b13955235245b2497399d7a93', '男', 19842713392, '新加坡爱德华小区', '曾经有一份美好的爱情摆在了我的眼前');
INSERT INTO `user` VALUES (1334, '薛威浩', '4297f44b13955235245b2497399d7a93', '男', 15446976284, '新加坡爱德华小区', '曾经有一份美好的爱情摆在了我的眼前');
INSERT INTO `user` VALUES (1335, '茅双珍', '4297f44b13955235245b2497399d7a93', '男', 17510703776, '新加坡爱德华小区', '曾经有一份美好的爱情摆在了我的眼前');
INSERT INTO `user` VALUES (1336, '曹世昌', '4297f44b13955235245b2497399d7a93', '男', 14672870947, '新加坡爱德华小区', '曾经有一份美好的爱情摆在了我的眼前');
INSERT INTO `user` VALUES (1337, '季京栋', '4297f44b13955235245b2497399d7a93', '男', 13383667962, '新加坡爱德华小区', '曾经有一份美好的爱情摆在了我的眼前');
INSERT INTO `user` VALUES (1338, '郭标瑜', '4297f44b13955235245b2497399d7a93', '男', 15402641574, '新加坡爱德华小区', '曾经有一份美好的爱情摆在了我的眼前');
INSERT INTO `user` VALUES (1339, '葛蕾小', '4297f44b13955235245b2497399d7a93', '男', 16665045140, '新加坡爱德华小区', '曾经有一份美好的爱情摆在了我的眼前');
INSERT INTO `user` VALUES (1340, '鲁旭延', '4297f44b13955235245b2497399d7a93', '男', 17099718151, '新加坡爱德华小区', '曾经有一份美好的爱情摆在了我的眼前');
INSERT INTO `user` VALUES (1341, '昌伟礼', '4297f44b13955235245b2497399d7a93', '男', 17478342354, '新加坡爱德华小区', '曾经有一份美好的爱情摆在了我的眼前');
INSERT INTO `user` VALUES (1342, '杭友颖', '4297f44b13955235245b2497399d7a93', '男', 13323500214, '新加坡爱德华小区', '曾经有一份美好的爱情摆在了我的眼前');
INSERT INTO `user` VALUES (1343, '穆冰绍', '4297f44b13955235245b2497399d7a93', '男', 15925661938, '新加坡爱德华小区', '曾经有一份美好的爱情摆在了我的眼前');
INSERT INTO `user` VALUES (1344, '祝连梓', '4297f44b13955235245b2497399d7a93', '男', 15740844561, '新加坡爱德华小区', '曾经有一份美好的爱情摆在了我的眼前');
INSERT INTO `user` VALUES (1345, '支生城', '4297f44b13955235245b2497399d7a93', '男', 15809915030, '新加坡爱德华小区', '曾经有一份美好的爱情摆在了我的眼前');
INSERT INTO `user` VALUES (1346, '苗丽紫', '4297f44b13955235245b2497399d7a93', '男', 14599478936, '新加坡爱德华小区', '曾经有一份美好的爱情摆在了我的眼前');
INSERT INTO `user` VALUES (1347, '鲍丹安', '4297f44b13955235245b2497399d7a93', '男', 14422116657, '新加坡爱德华小区', '曾经有一份美好的爱情摆在了我的眼前');
INSERT INTO `user` VALUES (1348, '纪珊百', '4297f44b13955235245b2497399d7a93', '男', 18948725634, '新加坡爱德华小区', '曾经有一份美好的爱情摆在了我的眼前');
INSERT INTO `user` VALUES (1349, '左东俊', '4297f44b13955235245b2497399d7a93', '男', 14796000593, '新加坡爱德华小区', '曾经有一份美好的爱情摆在了我的眼前');
INSERT INTO `user` VALUES (1350, '贺向兴', '4297f44b13955235245b2497399d7a93', '男', 14560583619, '新加坡爱德华小区', '曾经有一份美好的爱情摆在了我的眼前');
INSERT INTO `user` VALUES (1351, '方铁国', '4297f44b13955235245b2497399d7a93', '男', 19432733083, '新加坡爱德华小区', '曾经有一份美好的爱情摆在了我的眼前');
INSERT INTO `user` VALUES (1352, '尤宏麒', '4297f44b13955235245b2497399d7a93', '男', 14059516423, '新加坡爱德华小区', '曾经有一份美好的爱情摆在了我的眼前');
INSERT INTO `user` VALUES (1353, '霍娟欣', '4297f44b13955235245b2497399d7a93', '男', 17632623101, '新加坡爱德华小区', '曾经有一份美好的爱情摆在了我的眼前');
INSERT INTO `user` VALUES (1354, '丁如佩', '4297f44b13955235245b2497399d7a93', '男', 16656621270, '新加坡爱德华小区', '曾经有一份美好的爱情摆在了我的眼前');
INSERT INTO `user` VALUES (1355, '昌贵建', '4297f44b13955235245b2497399d7a93', '男', 15788998208, '新加坡爱德华小区', '曾经有一份美好的爱情摆在了我的眼前');
INSERT INTO `user` VALUES (1356, '诸蔚希', '4297f44b13955235245b2497399d7a93', '男', 13213426999, '新加坡爱德华小区', '曾经有一份美好的爱情摆在了我的眼前');
INSERT INTO `user` VALUES (1357, '解涵会', '4297f44b13955235245b2497399d7a93', '男', 14078298029, '新加坡爱德华小区', '曾经有一份美好的爱情摆在了我的眼前');
INSERT INTO `user` VALUES (1358, '裘锋书', '4297f44b13955235245b2497399d7a93', '男', 18626870451, '新加坡爱德华小区', '曾经有一份美好的爱情摆在了我的眼前');
INSERT INTO `user` VALUES (1359, '费非光', '4297f44b13955235245b2497399d7a93', '男', 13607532092, '新加坡爱德华小区', '曾经有一份美好的爱情摆在了我的眼前');
INSERT INTO `user` VALUES (1360, '田元月', '4297f44b13955235245b2497399d7a93', '男', 13780353911, '新加坡爱德华小区', '曾经有一份美好的爱情摆在了我的眼前');
INSERT INTO `user` VALUES (1361, '干荣勇', '4297f44b13955235245b2497399d7a93', '男', 15391758225, '新加坡爱德华小区', '曾经有一份美好的爱情摆在了我的眼前');
INSERT INTO `user` VALUES (1362, '邹桐波', '4297f44b13955235245b2497399d7a93', '男', 18217419761, '新加坡爱德华小区', '曾经有一份美好的爱情摆在了我的眼前');
INSERT INTO `user` VALUES (1363, '孟水富', '4297f44b13955235245b2497399d7a93', '男', 13496937204, '新加坡爱德华小区', '曾经有一份美好的爱情摆在了我的眼前');
INSERT INTO `user` VALUES (1364, '范越灵', '4297f44b13955235245b2497399d7a93', '男', 14149412611, '新加坡爱德华小区', '曾经有一份美好的爱情摆在了我的眼前');
INSERT INTO `user` VALUES (1365, '柳云洁', '4297f44b13955235245b2497399d7a93', '男', 19627899278, '新加坡爱德华小区', '曾经有一份美好的爱情摆在了我的眼前');
INSERT INTO `user` VALUES (1366, '杨吉雨', '4297f44b13955235245b2497399d7a93', '男', 14844209051, '新加坡爱德华小区', '曾经有一份美好的爱情摆在了我的眼前');
INSERT INTO `user` VALUES (1367, '席珠潮', '4297f44b13955235245b2497399d7a93', '男', 13628864178, '新加坡爱德华小区', '曾经有一份美好的爱情摆在了我的眼前');
INSERT INTO `user` VALUES (1368, '郁朝克', '4297f44b13955235245b2497399d7a93', '男', 19431900987, '新加坡爱德华小区', '曾经有一份美好的爱情摆在了我的眼前');
INSERT INTO `user` VALUES (1369, '唐升兰', '4297f44b13955235245b2497399d7a93', '男', 14239999568, '新加坡爱德华小区', '曾经有一份美好的爱情摆在了我的眼前');
INSERT INTO `user` VALUES (1370, '路琪玉', '4297f44b13955235245b2497399d7a93', '男', 16047461058, '新加坡爱德华小区', '曾经有一份美好的爱情摆在了我的眼前');
INSERT INTO `user` VALUES (1371, '苗广慧', '4297f44b13955235245b2497399d7a93', '男', 14685204741, '新加坡爱德华小区', '曾经有一份美好的爱情摆在了我的眼前');
INSERT INTO `user` VALUES (1372, '邓化继', '4297f44b13955235245b2497399d7a93', '男', 19143993845, '新加坡爱德华小区', '曾经有一份美好的爱情摆在了我的眼前');
INSERT INTO `user` VALUES (1373, '应剑同', '4297f44b13955235245b2497399d7a93', '男', 19886207590, '新加坡爱德华小区', '曾经有一份美好的爱情摆在了我的眼前');
INSERT INTO `user` VALUES (1374, '元玮泽', '4297f44b13955235245b2497399d7a93', '男', 18165729704, '新加坡爱德华小区', '曾经有一份美好的爱情摆在了我的眼前');
INSERT INTO `user` VALUES (1375, '俞一宇', '4297f44b13955235245b2497399d7a93', '男', 17102907381, '新加坡爱德华小区', '曾经有一份美好的爱情摆在了我的眼前');
INSERT INTO `user` VALUES (1376, '杨云森', '4297f44b13955235245b2497399d7a93', '男', 13516106794, '新加坡爱德华小区', '曾经有一份美好的爱情摆在了我的眼前');
INSERT INTO `user` VALUES (1377, '倪炜敬', '4297f44b13955235245b2497399d7a93', '男', 16251065574, '新加坡爱德华小区', '曾经有一份美好的爱情摆在了我的眼前');
INSERT INTO `user` VALUES (1378, '方咏寿', '4297f44b13955235245b2497399d7a93', '男', 15907809717, '新加坡爱德华小区', '曾经有一份美好的爱情摆在了我的眼前');
INSERT INTO `user` VALUES (1379, '麻滨淇', '4297f44b13955235245b2497399d7a93', '男', 15010436456, '新加坡爱德华小区', '曾经有一份美好的爱情摆在了我的眼前');
INSERT INTO `user` VALUES (1380, '俞书虎', '4297f44b13955235245b2497399d7a93', '男', 18796050055, '新加坡爱德华小区', '曾经有一份美好的爱情摆在了我的眼前');
INSERT INTO `user` VALUES (1381, '柏翰骏', '4297f44b13955235245b2497399d7a93', '男', 15637811013, '新加坡爱德华小区', '曾经有一份美好的爱情摆在了我的眼前');
INSERT INTO `user` VALUES (1382, '郝宇维', '4297f44b13955235245b2497399d7a93', '男', 13331118710, '新加坡爱德华小区', '曾经有一份美好的爱情摆在了我的眼前');
INSERT INTO `user` VALUES (1383, '计紫婷', '4297f44b13955235245b2497399d7a93', '男', 13412059840, '新加坡爱德华小区', '曾经有一份美好的爱情摆在了我的眼前');
INSERT INTO `user` VALUES (1384, '虞伊楠', '4297f44b13955235245b2497399d7a93', '男', 19326455438, '新加坡爱德华小区', '曾经有一份美好的爱情摆在了我的眼前');
INSERT INTO `user` VALUES (1385, '阮毅强', '4297f44b13955235245b2497399d7a93', '男', 14391268914, '新加坡爱德华小区', '曾经有一份美好的爱情摆在了我的眼前');
INSERT INTO `user` VALUES (1386, '苗子德', '4297f44b13955235245b2497399d7a93', '男', 15793015722, '新加坡爱德华小区', '曾经有一份美好的爱情摆在了我的眼前');
INSERT INTO `user` VALUES (1387, '邹钧福', '4297f44b13955235245b2497399d7a93', '男', 13619882817, '新加坡爱德华小区', '曾经有一份美好的爱情摆在了我的眼前');
INSERT INTO `user` VALUES (1388, '蔡浩钧', '4297f44b13955235245b2497399d7a93', '男', 13624373649, '新加坡爱德华小区', '曾经有一份美好的爱情摆在了我的眼前');
INSERT INTO `user` VALUES (1389, '钱家恒', '4297f44b13955235245b2497399d7a93', '男', 18319646566, '新加坡爱德华小区', '曾经有一份美好的爱情摆在了我的眼前');
INSERT INTO `user` VALUES (1390, '杭迪祥', '4297f44b13955235245b2497399d7a93', '男', 15755926471, '新加坡爱德华小区', '曾经有一份美好的爱情摆在了我的眼前');
INSERT INTO `user` VALUES (1391, '夏夫麟', '4297f44b13955235245b2497399d7a93', '男', 17317468243, '新加坡爱德华小区', '曾经有一份美好的爱情摆在了我的眼前');
INSERT INTO `user` VALUES (1392, '谢珠涛', '4297f44b13955235245b2497399d7a93', '男', 13575564981, '新加坡爱德华小区', '曾经有一份美好的爱情摆在了我的眼前');
INSERT INTO `user` VALUES (1393, '邵露芬', '4297f44b13955235245b2497399d7a93', '男', 14813601592, '新加坡爱德华小区', '曾经有一份美好的爱情摆在了我的眼前');
INSERT INTO `user` VALUES (1394, '庞百培', '4297f44b13955235245b2497399d7a93', '男', 16200096203, '新加坡爱德华小区', '曾经有一份美好的爱情摆在了我的眼前');
INSERT INTO `user` VALUES (1395, '陈焕杰', '4297f44b13955235245b2497399d7a93', '男', 16436750605, '新加坡爱德华小区', '曾经有一份美好的爱情摆在了我的眼前');
INSERT INTO `user` VALUES (1396, '范爱孝', '4297f44b13955235245b2497399d7a93', '男', 15583803092, '新加坡爱德华小区', '曾经有一份美好的爱情摆在了我的眼前');
INSERT INTO `user` VALUES (1397, '蒋翰可', '4297f44b13955235245b2497399d7a93', '男', 14979202467, '新加坡爱德华小区', '曾经有一份美好的爱情摆在了我的眼前');
INSERT INTO `user` VALUES (1398, '乐德航', '4297f44b13955235245b2497399d7a93', '男', 17459526508, '新加坡爱德华小区', '曾经有一份美好的爱情摆在了我的眼前');
INSERT INTO `user` VALUES (1399, '洪远泽', '4297f44b13955235245b2497399d7a93', '男', 17855438227, '新加坡爱德华小区', '曾经有一份美好的爱情摆在了我的眼前');
INSERT INTO `user` VALUES (1400, '贲亮凌', '4297f44b13955235245b2497399d7a93', '男', 13106482012, '新加坡爱德华小区', '曾经有一份美好的爱情摆在了我的眼前');
INSERT INTO `user` VALUES (1401, '孟学耀', '4297f44b13955235245b2497399d7a93', '男', 13189516656, '新加坡爱德华小区', '曾经有一份美好的爱情摆在了我的眼前');
INSERT INTO `user` VALUES (1402, '闵美启', '4297f44b13955235245b2497399d7a93', '男', 19661976854, '新加坡爱德华小区', '曾经有一份美好的爱情摆在了我的眼前');
INSERT INTO `user` VALUES (1403, '鲁政百', '4297f44b13955235245b2497399d7a93', '男', 17363350010, '新加坡爱德华小区', '曾经有一份美好的爱情摆在了我的眼前');
INSERT INTO `user` VALUES (1404, '郝露才', '4297f44b13955235245b2497399d7a93', '男', 13080928263, '新加坡爱德华小区', '曾经有一份美好的爱情摆在了我的眼前');
INSERT INTO `user` VALUES (1405, '鲍惠静', '4297f44b13955235245b2497399d7a93', '男', 16075173616, '新加坡爱德华小区', '曾经有一份美好的爱情摆在了我的眼前');
INSERT INTO `user` VALUES (1406, '鲍章珍', '4297f44b13955235245b2497399d7a93', '男', 19215554150, '新加坡爱德华小区', '曾经有一份美好的爱情摆在了我的眼前');
INSERT INTO `user` VALUES (1407, '奚吉爽', '4297f44b13955235245b2497399d7a93', '男', 14675221685, '新加坡爱德华小区', '曾经有一份美好的爱情摆在了我的眼前');
INSERT INTO `user` VALUES (1408, '徐雅春', '4297f44b13955235245b2497399d7a93', '男', 13572364552, '新加坡爱德华小区', '曾经有一份美好的爱情摆在了我的眼前');
INSERT INTO `user` VALUES (1409, '米仁怡', '4297f44b13955235245b2497399d7a93', '男', 15158883281, '新加坡爱德华小区', '曾经有一份美好的爱情摆在了我的眼前');
INSERT INTO `user` VALUES (1410, '包震颖', '4297f44b13955235245b2497399d7a93', '男', 19268291350, '新加坡爱德华小区', '曾经有一份美好的爱情摆在了我的眼前');
INSERT INTO `user` VALUES (1411, '韦祖双', '4297f44b13955235245b2497399d7a93', '男', 15121142789, '新加坡爱德华小区', '曾经有一份美好的爱情摆在了我的眼前');
INSERT INTO `user` VALUES (1412, '盛向露', '4297f44b13955235245b2497399d7a93', '男', 15490854617, '新加坡爱德华小区', '曾经有一份美好的爱情摆在了我的眼前');
INSERT INTO `user` VALUES (1413, '路瑞信', '4297f44b13955235245b2497399d7a93', '男', 13572900959, '新加坡爱德华小区', '曾经有一份美好的爱情摆在了我的眼前');
INSERT INTO `user` VALUES (1414, '狄耀宪', '4297f44b13955235245b2497399d7a93', '男', 16751281481, '新加坡爱德华小区', '曾经有一份美好的爱情摆在了我的眼前');
INSERT INTO `user` VALUES (1415, '成月露', '4297f44b13955235245b2497399d7a93', '男', 16925289077, '新加坡爱德华小区', '曾经有一份美好的爱情摆在了我的眼前');
INSERT INTO `user` VALUES (1416, '熊慧娟', '4297f44b13955235245b2497399d7a93', '男', 14240027430, '新加坡爱德华小区', '曾经有一份美好的爱情摆在了我的眼前');
INSERT INTO `user` VALUES (1417, '粱洁建', '4297f44b13955235245b2497399d7a93', '男', 15195252241, '新加坡爱德华小区', '曾经有一份美好的爱情摆在了我的眼前');
INSERT INTO `user` VALUES (1418, '彭银富', '4297f44b13955235245b2497399d7a93', '男', 14670428754, '新加坡爱德华小区', '曾经有一份美好的爱情摆在了我的眼前');
INSERT INTO `user` VALUES (1419, '蔡志捷', '4297f44b13955235245b2497399d7a93', '男', 15436155909, '新加坡爱德华小区', '曾经有一份美好的爱情摆在了我的眼前');
INSERT INTO `user` VALUES (1420, '酆森恩', '4297f44b13955235245b2497399d7a93', '男', 16415816492, '新加坡爱德华小区', '曾经有一份美好的爱情摆在了我的眼前');
INSERT INTO `user` VALUES (1421, '冯婷铁', '4297f44b13955235245b2497399d7a93', '男', 15343478773, '新加坡爱德华小区', '曾经有一份美好的爱情摆在了我的眼前');
INSERT INTO `user` VALUES (1422, '宗彪琴', '4297f44b13955235245b2497399d7a93', '男', 13587820421, '新加坡爱德华小区', '曾经有一份美好的爱情摆在了我的眼前');
INSERT INTO `user` VALUES (1423, '季艺潮', '4297f44b13955235245b2497399d7a93', '男', 19569817710, '新加坡爱德华小区', '曾经有一份美好的爱情摆在了我的眼前');
INSERT INTO `user` VALUES (1424, '莫佩坤', '4297f44b13955235245b2497399d7a93', '男', 13640798047, '新加坡爱德华小区', '曾经有一份美好的爱情摆在了我的眼前');
INSERT INTO `user` VALUES (1425, '虞政菲', '4297f44b13955235245b2497399d7a93', '男', 19711454716, '新加坡爱德华小区', '曾经有一份美好的爱情摆在了我的眼前');
INSERT INTO `user` VALUES (1426, '平兵刚', '4297f44b13955235245b2497399d7a93', '男', 14681818679, '新加坡爱德华小区', '曾经有一份美好的爱情摆在了我的眼前');
INSERT INTO `user` VALUES (1427, '解京麒', '4297f44b13955235245b2497399d7a93', '男', 15799094211, '新加坡爱德华小区', '曾经有一份美好的爱情摆在了我的眼前');
INSERT INTO `user` VALUES (1428, '秦金妮', '4297f44b13955235245b2497399d7a93', '男', 13982060094, '新加坡爱德华小区', '曾经有一份美好的爱情摆在了我的眼前');
INSERT INTO `user` VALUES (1429, '汪奎龙', '4297f44b13955235245b2497399d7a93', '男', 18358783692, '新加坡爱德华小区', '曾经有一份美好的爱情摆在了我的眼前');
INSERT INTO `user` VALUES (1430, '沈传阳', '4297f44b13955235245b2497399d7a93', '男', 15565381278, '新加坡爱德华小区', '曾经有一份美好的爱情摆在了我的眼前');
INSERT INTO `user` VALUES (1431, '朱瑜柏', '4297f44b13955235245b2497399d7a93', '男', 13752986811, '新加坡爱德华小区', '曾经有一份美好的爱情摆在了我的眼前');
INSERT INTO `user` VALUES (1432, '麻维立', '4297f44b13955235245b2497399d7a93', '男', 14267934491, '新加坡爱德华小区', '曾经有一份美好的爱情摆在了我的眼前');
INSERT INTO `user` VALUES (1433, '虞章茂', '4297f44b13955235245b2497399d7a93', '男', 14227617049, '新加坡爱德华小区', '曾经有一份美好的爱情摆在了我的眼前');
INSERT INTO `user` VALUES (1434, '余凤辰', '4297f44b13955235245b2497399d7a93', '男', 15627104934, '新加坡爱德华小区', '曾经有一份美好的爱情摆在了我的眼前');
INSERT INTO `user` VALUES (1435, '伍顺宪', '4297f44b13955235245b2497399d7a93', '男', 16668873692, '新加坡爱德华小区', '曾经有一份美好的爱情摆在了我的眼前');
INSERT INTO `user` VALUES (1436, '奚刚鹏', '4297f44b13955235245b2497399d7a93', '男', 14202235172, '新加坡爱德华小区', '曾经有一份美好的爱情摆在了我的眼前');
INSERT INTO `user` VALUES (1437, '杜诚宪', '4297f44b13955235245b2497399d7a93', '男', 16760610261, '新加坡爱德华小区', '曾经有一份美好的爱情摆在了我的眼前');
INSERT INTO `user` VALUES (1438, '舒珊昊', '4297f44b13955235245b2497399d7a93', '男', 18757026890, '新加坡爱德华小区', '曾经有一份美好的爱情摆在了我的眼前');
INSERT INTO `user` VALUES (1439, '华书卓', '4297f44b13955235245b2497399d7a93', '男', 14786407085, '新加坡爱德华小区', '曾经有一份美好的爱情摆在了我的眼前');
INSERT INTO `user` VALUES (1440, '唐友鲁', '4297f44b13955235245b2497399d7a93', '男', 15992955202, '新加坡爱德华小区', '曾经有一份美好的爱情摆在了我的眼前');
INSERT INTO `user` VALUES (1441, '张勤菁', '4297f44b13955235245b2497399d7a93', '男', 17512039256, '新加坡爱德华小区', '曾经有一份美好的爱情摆在了我的眼前');
INSERT INTO `user` VALUES (1442, '苗灿佳', '4297f44b13955235245b2497399d7a93', '男', 17969827410, '新加坡爱德华小区', '曾经有一份美好的爱情摆在了我的眼前');
INSERT INTO `user` VALUES (1443, '狄棋邦', '4297f44b13955235245b2497399d7a93', '男', 15069929277, '新加坡爱德华小区', '曾经有一份美好的爱情摆在了我的眼前');
INSERT INTO `user` VALUES (1444, '卜家茂', '4297f44b13955235245b2497399d7a93', '男', 18477661468, '新加坡爱德华小区', '曾经有一份美好的爱情摆在了我的眼前');
INSERT INTO `user` VALUES (1445, '林力玮', '4297f44b13955235245b2497399d7a93', '男', 16557889465, '新加坡爱德华小区', '曾经有一份美好的爱情摆在了我的眼前');
INSERT INTO `user` VALUES (1446, '徐乐之', '4297f44b13955235245b2497399d7a93', '男', 15815262978, '新加坡爱德华小区', '曾经有一份美好的爱情摆在了我的眼前');
INSERT INTO `user` VALUES (1447, '滕培辉', '4297f44b13955235245b2497399d7a93', '男', 17945791271, '新加坡爱德华小区', '曾经有一份美好的爱情摆在了我的眼前');
INSERT INTO `user` VALUES (1448, '范有仁', '4297f44b13955235245b2497399d7a93', '男', 17933259413, '新加坡爱德华小区', '曾经有一份美好的爱情摆在了我的眼前');
INSERT INTO `user` VALUES (1449, '袁夏双', '4297f44b13955235245b2497399d7a93', '男', 19730393802, '新加坡爱德华小区', '曾经有一份美好的爱情摆在了我的眼前');
INSERT INTO `user` VALUES (1450, '虞文发', '4297f44b13955235245b2497399d7a93', '男', 19548859030, '新加坡爱德华小区', '曾经有一份美好的爱情摆在了我的眼前');
INSERT INTO `user` VALUES (1451, '柯焕逸', '4297f44b13955235245b2497399d7a93', '男', 14081413842, '新加坡爱德华小区', '曾经有一份美好的爱情摆在了我的眼前');
INSERT INTO `user` VALUES (1452, '虞梦超', '4297f44b13955235245b2497399d7a93', '男', 18712711566, '新加坡爱德华小区', '曾经有一份美好的爱情摆在了我的眼前');
INSERT INTO `user` VALUES (1453, '郑民宇', '4297f44b13955235245b2497399d7a93', '男', 16466035047, '新加坡爱德华小区', '曾经有一份美好的爱情摆在了我的眼前');
INSERT INTO `user` VALUES (1454, '凤建宏', '4297f44b13955235245b2497399d7a93', '男', 15212821499, '新加坡爱德华小区', '曾经有一份美好的爱情摆在了我的眼前');
INSERT INTO `user` VALUES (1455, '邹凯善', '4297f44b13955235245b2497399d7a93', '男', 15665233373, '新加坡爱德华小区', '曾经有一份美好的爱情摆在了我的眼前');
INSERT INTO `user` VALUES (1456, '阮佳萍', '4297f44b13955235245b2497399d7a93', '男', 17503639081, '新加坡爱德华小区', '曾经有一份美好的爱情摆在了我的眼前');
INSERT INTO `user` VALUES (1457, '金青可', '4297f44b13955235245b2497399d7a93', '男', 14215974007, '新加坡爱德华小区', '曾经有一份美好的爱情摆在了我的眼前');
INSERT INTO `user` VALUES (1458, '余虹伟', '4297f44b13955235245b2497399d7a93', '男', 13177402619, '新加坡爱德华小区', '曾经有一份美好的爱情摆在了我的眼前');
INSERT INTO `user` VALUES (1459, '颜天颖', '4297f44b13955235245b2497399d7a93', '男', 13187217575, '新加坡爱德华小区', '曾经有一份美好的爱情摆在了我的眼前');
INSERT INTO `user` VALUES (1460, '强芬奎', '4297f44b13955235245b2497399d7a93', '男', 14037125426, '新加坡爱德华小区', '曾经有一份美好的爱情摆在了我的眼前');
INSERT INTO `user` VALUES (1461, '成涵纯', '4297f44b13955235245b2497399d7a93', '男', 17266170853, '新加坡爱德华小区', '曾经有一份美好的爱情摆在了我的眼前');
INSERT INTO `user` VALUES (1462, '蒋彪廷', '4297f44b13955235245b2497399d7a93', '男', 14580568868, '新加坡爱德华小区', '曾经有一份美好的爱情摆在了我的眼前');
INSERT INTO `user` VALUES (1463, '孟麒艳', '4297f44b13955235245b2497399d7a93', '男', 13659601019, '新加坡爱德华小区', '曾经有一份美好的爱情摆在了我的眼前');
INSERT INTO `user` VALUES (1464, '水娟远', '4297f44b13955235245b2497399d7a93', '男', 13833306425, '新加坡爱德华小区', '曾经有一份美好的爱情摆在了我的眼前');
INSERT INTO `user` VALUES (1465, '金武沛', '4297f44b13955235245b2497399d7a93', '男', 13843967140, '新加坡爱德华小区', '曾经有一份美好的爱情摆在了我的眼前');
INSERT INTO `user` VALUES (1466, '戚震宝', '4297f44b13955235245b2497399d7a93', '男', 18358108782, '新加坡爱德华小区', '曾经有一份美好的爱情摆在了我的眼前');
INSERT INTO `user` VALUES (1467, '水芝梅', '4297f44b13955235245b2497399d7a93', '男', 15126476940, '新加坡爱德华小区', '曾经有一份美好的爱情摆在了我的眼前');
INSERT INTO `user` VALUES (1468, '董珠凌', '4297f44b13955235245b2497399d7a93', '男', 18533091379, '新加坡爱德华小区', '曾经有一份美好的爱情摆在了我的眼前');
INSERT INTO `user` VALUES (1469, '陶红裕', '4297f44b13955235245b2497399d7a93', '男', 15575926458, '新加坡爱德华小区', '曾经有一份美好的爱情摆在了我的眼前');
INSERT INTO `user` VALUES (1470, '朱可仲', '4297f44b13955235245b2497399d7a93', '男', 16950358185, '新加坡爱德华小区', '曾经有一份美好的爱情摆在了我的眼前');
INSERT INTO `user` VALUES (1471, '舒骏坤', '4297f44b13955235245b2497399d7a93', '男', 14828232682, '新加坡爱德华小区', '曾经有一份美好的爱情摆在了我的眼前');
INSERT INTO `user` VALUES (1472, '粱洋天', '4297f44b13955235245b2497399d7a93', '男', 17706204837, '新加坡爱德华小区', '曾经有一份美好的爱情摆在了我的眼前');
INSERT INTO `user` VALUES (1473, '陶定爽', '4297f44b13955235245b2497399d7a93', '男', 17391631893, '新加坡爱德华小区', '曾经有一份美好的爱情摆在了我的眼前');
INSERT INTO `user` VALUES (1474, '危晖浩', '4297f44b13955235245b2497399d7a93', '男', 18049304775, '新加坡爱德华小区', '曾经有一份美好的爱情摆在了我的眼前');
INSERT INTO `user` VALUES (1475, '阮阳大', '4297f44b13955235245b2497399d7a93', '男', 13558032285, '新加坡爱德华小区', '曾经有一份美好的爱情摆在了我的眼前');
INSERT INTO `user` VALUES (1476, '和辰羽', '4297f44b13955235245b2497399d7a93', '男', 14116597670, '新加坡爱德华小区', '曾经有一份美好的爱情摆在了我的眼前');
INSERT INTO `user` VALUES (1477, '施青恒', '4297f44b13955235245b2497399d7a93', '男', 16379756178, '新加坡爱德华小区', '曾经有一份美好的爱情摆在了我的眼前');
INSERT INTO `user` VALUES (1478, '蔡菲仁', '4297f44b13955235245b2497399d7a93', '男', 14807166705, '新加坡爱德华小区', '曾经有一份美好的爱情摆在了我的眼前');
INSERT INTO `user` VALUES (1479, '禹雨福', '4297f44b13955235245b2497399d7a93', '男', 15290177395, '新加坡爱德华小区', '曾经有一份美好的爱情摆在了我的眼前');
INSERT INTO `user` VALUES (1480, '禹露爱', '4297f44b13955235245b2497399d7a93', '男', 13870187218, '新加坡爱德华小区', '曾经有一份美好的爱情摆在了我的眼前');
INSERT INTO `user` VALUES (1481, '葛钢国', '4297f44b13955235245b2497399d7a93', '男', 17013077460, '新加坡爱德华小区', '曾经有一份美好的爱情摆在了我的眼前');
INSERT INTO `user` VALUES (1482, '支长轩', '4297f44b13955235245b2497399d7a93', '男', 14833797671, '新加坡爱德华小区', '曾经有一份美好的爱情摆在了我的眼前');
INSERT INTO `user` VALUES (1483, '贝才永', '4297f44b13955235245b2497399d7a93', '男', 14673780718, '新加坡爱德华小区', '曾经有一份美好的爱情摆在了我的眼前');
INSERT INTO `user` VALUES (1484, '房霖树', '4297f44b13955235245b2497399d7a93', '男', 15213763424, '新加坡爱德华小区', '曾经有一份美好的爱情摆在了我的眼前');
INSERT INTO `user` VALUES (1485, '雷庆之', '4297f44b13955235245b2497399d7a93', '男', 16572374215, '新加坡爱德华小区', '曾经有一份美好的爱情摆在了我的眼前');
INSERT INTO `user` VALUES (1486, '贾卓亮', '4297f44b13955235245b2497399d7a93', '男', 15307494132, '新加坡爱德华小区', '曾经有一份美好的爱情摆在了我的眼前');
INSERT INTO `user` VALUES (1487, '骆强坤', '4297f44b13955235245b2497399d7a93', '男', 13466948272, '新加坡爱德华小区', '曾经有一份美好的爱情摆在了我的眼前');
INSERT INTO `user` VALUES (1488, '沈伊风', '4297f44b13955235245b2497399d7a93', '男', 14027665166, '新加坡爱德华小区', '曾经有一份美好的爱情摆在了我的眼前');
INSERT INTO `user` VALUES (1489, '宋妮宝', '4297f44b13955235245b2497399d7a93', '男', 18337727857, '新加坡爱德华小区', '曾经有一份美好的爱情摆在了我的眼前');
INSERT INTO `user` VALUES (1490, '何洲骏', '4297f44b13955235245b2497399d7a93', '男', 13425991720, '新加坡爱德华小区', '曾经有一份美好的爱情摆在了我的眼前');
INSERT INTO `user` VALUES (1491, '管忠靖', '4297f44b13955235245b2497399d7a93', '男', 15269956900, '新加坡爱德华小区', '曾经有一份美好的爱情摆在了我的眼前');
INSERT INTO `user` VALUES (1492, '毛琴生', '4297f44b13955235245b2497399d7a93', '男', 16670478610, '新加坡爱德华小区', '曾经有一份美好的爱情摆在了我的眼前');
INSERT INTO `user` VALUES (1493, '方柏景', '4297f44b13955235245b2497399d7a93', '男', 17356460664, '新加坡爱德华小区', '曾经有一份美好的爱情摆在了我的眼前');
INSERT INTO `user` VALUES (1494, '袁培力', '4297f44b13955235245b2497399d7a93', '男', 19853216110, '新加坡爱德华小区', '曾经有一份美好的爱情摆在了我的眼前');
INSERT INTO `user` VALUES (1495, '时城孝', '4297f44b13955235245b2497399d7a93', '男', 14873859421, '新加坡爱德华小区', '曾经有一份美好的爱情摆在了我的眼前');
INSERT INTO `user` VALUES (1496, '郁耀翰', '4297f44b13955235245b2497399d7a93', '男', 19611169277, '新加坡爱德华小区', '曾经有一份美好的爱情摆在了我的眼前');
INSERT INTO `user` VALUES (1497, '王有玮', '4297f44b13955235245b2497399d7a93', '男', 17126882532, '新加坡爱德华小区', '曾经有一份美好的爱情摆在了我的眼前');
INSERT INTO `user` VALUES (1498, '凤海凯', '4297f44b13955235245b2497399d7a93', '男', 15637639218, '新加坡爱德华小区', '曾经有一份美好的爱情摆在了我的眼前');
INSERT INTO `user` VALUES (1499, '酆捷根', '4297f44b13955235245b2497399d7a93', '男', 15685429820, '新加坡爱德华小区', '曾经有一份美好的爱情摆在了我的眼前');
INSERT INTO `user` VALUES (1500, '和敬镇', '4297f44b13955235245b2497399d7a93', '男', 17062692946, '新加坡爱德华小区', '曾经有一份美好的爱情摆在了我的眼前');
INSERT INTO `user` VALUES (1501, '裘旭艺', '4297f44b13955235245b2497399d7a93', '男', 14912688000, '新加坡爱德华小区', '曾经有一份美好的爱情摆在了我的眼前');
INSERT INTO `user` VALUES (1502, '秦萌兆', '4297f44b13955235245b2497399d7a93', '男', 19980453199, '新加坡爱德华小区', '曾经有一份美好的爱情摆在了我的眼前');
INSERT INTO `user` VALUES (1503, '蒋远方', '4297f44b13955235245b2497399d7a93', '男', 13385323136, '新加坡爱德华小区', '曾经有一份美好的爱情摆在了我的眼前');
INSERT INTO `user` VALUES (1504, '阮山洪', '4297f44b13955235245b2497399d7a93', '男', 19101536605, '新加坡爱德华小区', '曾经有一份美好的爱情摆在了我的眼前');
INSERT INTO `user` VALUES (1505, '堪惠维', '4297f44b13955235245b2497399d7a93', '男', 14133008932, '新加坡爱德华小区', '曾经有一份美好的爱情摆在了我的眼前');
INSERT INTO `user` VALUES (1506, '施良皓', '4297f44b13955235245b2497399d7a93', '男', 15514818579, '新加坡爱德华小区', '曾经有一份美好的爱情摆在了我的眼前');
INSERT INTO `user` VALUES (1507, '管之奇', '4297f44b13955235245b2497399d7a93', '男', 14036271829, '新加坡爱德华小区', '曾经有一份美好的爱情摆在了我的眼前');
INSERT INTO `user` VALUES (1508, '谈诗洋', '4297f44b13955235245b2497399d7a93', '男', 16400071087, '新加坡爱德华小区', '曾经有一份美好的爱情摆在了我的眼前');
INSERT INTO `user` VALUES (1509, '柯耀厚', '4297f44b13955235245b2497399d7a93', '男', 15290837646, '新加坡爱德华小区', '曾经有一份美好的爱情摆在了我的眼前');
INSERT INTO `user` VALUES (1510, '米蕾永', '4297f44b13955235245b2497399d7a93', '男', 16768292461, '新加坡爱德华小区', '曾经有一份美好的爱情摆在了我的眼前');
INSERT INTO `user` VALUES (1511, '麻子爱', '4297f44b13955235245b2497399d7a93', '男', 14557870103, '新加坡爱德华小区', '曾经有一份美好的爱情摆在了我的眼前');
INSERT INTO `user` VALUES (1512, '鲁革传', '4297f44b13955235245b2497399d7a93', '男', 19163372495, '新加坡爱德华小区', '曾经有一份美好的爱情摆在了我的眼前');
INSERT INTO `user` VALUES (1513, '龚勋庭', '4297f44b13955235245b2497399d7a93', '男', 15412033328, '新加坡爱德华小区', '曾经有一份美好的爱情摆在了我的眼前');
INSERT INTO `user` VALUES (1514, '于棋克', '4297f44b13955235245b2497399d7a93', '男', 16049680612, '新加坡爱德华小区', '曾经有一份美好的爱情摆在了我的眼前');
INSERT INTO `user` VALUES (1515, '郎少奎', '4297f44b13955235245b2497399d7a93', '男', 17154841913, '新加坡爱德华小区', '曾经有一份美好的爱情摆在了我的眼前');
INSERT INTO `user` VALUES (1516, '酆飞来', '4297f44b13955235245b2497399d7a93', '男', 14319470849, '新加坡爱德华小区', '曾经有一份美好的爱情摆在了我的眼前');
INSERT INTO `user` VALUES (1517, '诸奇升', '4297f44b13955235245b2497399d7a93', '男', 15592955509, '新加坡爱德华小区', '曾经有一份美好的爱情摆在了我的眼前');
INSERT INTO `user` VALUES (1518, '严雯德', '4297f44b13955235245b2497399d7a93', '男', 13977998366, '新加坡爱德华小区', '曾经有一份美好的爱情摆在了我的眼前');
INSERT INTO `user` VALUES (1519, '成金培', '4297f44b13955235245b2497399d7a93', '男', 14459439637, '新加坡爱德华小区', '曾经有一份美好的爱情摆在了我的眼前');
INSERT INTO `user` VALUES (1520, '邱满惠', '4297f44b13955235245b2497399d7a93', '男', 15019900171, '新加坡爱德华小区', '曾经有一份美好的爱情摆在了我的眼前');
INSERT INTO `user` VALUES (1521, '常海琪', '4297f44b13955235245b2497399d7a93', '男', 15708958283, '新加坡爱德华小区', '曾经有一份美好的爱情摆在了我的眼前');
INSERT INTO `user` VALUES (1522, '盛琦亮', '4297f44b13955235245b2497399d7a93', '男', 17877764752, '新加坡爱德华小区', '曾经有一份美好的爱情摆在了我的眼前');
INSERT INTO `user` VALUES (1523, '尤美志', '4297f44b13955235245b2497399d7a93', '男', 17426184118, '新加坡爱德华小区', '曾经有一份美好的爱情摆在了我的眼前');
INSERT INTO `user` VALUES (1524, '屈蕾邦', '4297f44b13955235245b2497399d7a93', '男', 14324777423, '新加坡爱德华小区', '曾经有一份美好的爱情摆在了我的眼前');
INSERT INTO `user` VALUES (1525, '水国和', '4297f44b13955235245b2497399d7a93', '男', 14483997079, '新加坡爱德华小区', '曾经有一份美好的爱情摆在了我的眼前');
INSERT INTO `user` VALUES (1526, '杭康寿', '4297f44b13955235245b2497399d7a93', '男', 14974816864, '新加坡爱德华小区', '曾经有一份美好的爱情摆在了我的眼前');
INSERT INTO `user` VALUES (1527, '毕祥群', '4297f44b13955235245b2497399d7a93', '男', 18243622285, '新加坡爱德华小区', '曾经有一份美好的爱情摆在了我的眼前');
INSERT INTO `user` VALUES (1528, '戴政岳', '4297f44b13955235245b2497399d7a93', '男', 15462410972, '新加坡爱德华小区', '曾经有一份美好的爱情摆在了我的眼前');
INSERT INTO `user` VALUES (1529, '穆波跃', '4297f44b13955235245b2497399d7a93', '男', 13856007451, '新加坡爱德华小区', '曾经有一份美好的爱情摆在了我的眼前');
INSERT INTO `user` VALUES (1530, '华龙远', '4297f44b13955235245b2497399d7a93', '男', 17245161731, '新加坡爱德华小区', '曾经有一份美好的爱情摆在了我的眼前');
INSERT INTO `user` VALUES (1531, '盛中振', '4297f44b13955235245b2497399d7a93', '男', 14603781860, '新加坡爱德华小区', '曾经有一份美好的爱情摆在了我的眼前');
INSERT INTO `user` VALUES (1532, '尹之才', '4297f44b13955235245b2497399d7a93', '男', 17003981771, '新加坡爱德华小区', '曾经有一份美好的爱情摆在了我的眼前');
INSERT INTO `user` VALUES (1533, '邱珊阳', '4297f44b13955235245b2497399d7a93', '男', 16154159165, '新加坡爱德华小区', '曾经有一份美好的爱情摆在了我的眼前');
INSERT INTO `user` VALUES (1534, '阮珠寿', '4297f44b13955235245b2497399d7a93', '男', 15417235833, '新加坡爱德华小区', '曾经有一份美好的爱情摆在了我的眼前');
INSERT INTO `user` VALUES (1535, '廉基年', '4297f44b13955235245b2497399d7a93', '男', 14962215828, '新加坡爱德华小区', '曾经有一份美好的爱情摆在了我的眼前');
INSERT INTO `user` VALUES (1536, '韦毅鸿', '4297f44b13955235245b2497399d7a93', '男', 14880077469, '新加坡爱德华小区', '曾经有一份美好的爱情摆在了我的眼前');
INSERT INTO `user` VALUES (1537, '石威震', '4297f44b13955235245b2497399d7a93', '男', 14295859689, '新加坡爱德华小区', '曾经有一份美好的爱情摆在了我的眼前');
INSERT INTO `user` VALUES (1538, '宣颖雅', '4297f44b13955235245b2497399d7a93', '男', 15534254150, '新加坡爱德华小区', '曾经有一份美好的爱情摆在了我的眼前');
INSERT INTO `user` VALUES (1539, '洪龙菊', '4297f44b13955235245b2497399d7a93', '男', 17131006035, '新加坡爱德华小区', '曾经有一份美好的爱情摆在了我的眼前');
INSERT INTO `user` VALUES (1540, '郝逸棋', '4297f44b13955235245b2497399d7a93', '男', 19410180987, '新加坡爱德华小区', '曾经有一份美好的爱情摆在了我的眼前');
INSERT INTO `user` VALUES (1541, '柏孝杰', '4297f44b13955235245b2497399d7a93', '男', 13182527473, '新加坡爱德华小区', '曾经有一份美好的爱情摆在了我的眼前');
INSERT INTO `user` VALUES (1542, '路民健', '4297f44b13955235245b2497399d7a93', '男', 14554081148, '新加坡爱德华小区', '曾经有一份美好的爱情摆在了我的眼前');
INSERT INTO `user` VALUES (1543, '费杰嘉', '4297f44b13955235245b2497399d7a93', '男', 15915556556, '新加坡爱德华小区', '曾经有一份美好的爱情摆在了我的眼前');
INSERT INTO `user` VALUES (1544, '支若妍', '4297f44b13955235245b2497399d7a93', '男', 16804239418, '新加坡爱德华小区', '曾经有一份美好的爱情摆在了我的眼前');
INSERT INTO `user` VALUES (1545, '钮钢雁', '4297f44b13955235245b2497399d7a93', '男', 15772936420, '新加坡爱德华小区', '曾经有一份美好的爱情摆在了我的眼前');
INSERT INTO `user` VALUES (1546, '解克权', '4297f44b13955235245b2497399d7a93', '男', 15651079164, '新加坡爱德华小区', '曾经有一份美好的爱情摆在了我的眼前');
INSERT INTO `user` VALUES (1547, '尹岳谦', '4297f44b13955235245b2497399d7a93', '男', 13518255326, '新加坡爱德华小区', '曾经有一份美好的爱情摆在了我的眼前');
INSERT INTO `user` VALUES (1548, '乐承石', '4297f44b13955235245b2497399d7a93', '男', 15214407372, '新加坡爱德华小区', '曾经有一份美好的爱情摆在了我的眼前');
INSERT INTO `user` VALUES (1549, '柏兵一', '4297f44b13955235245b2497399d7a93', '男', 15314867926, '新加坡爱德华小区', '曾经有一份美好的爱情摆在了我的眼前');
INSERT INTO `user` VALUES (1550, '闵京绍', '4297f44b13955235245b2497399d7a93', '男', 15329237350, '新加坡爱德华小区', '曾经有一份美好的爱情摆在了我的眼前');
INSERT INTO `user` VALUES (1551, '霍良力', '4297f44b13955235245b2497399d7a93', '男', 17112223874, '新加坡爱德华小区', '曾经有一份美好的爱情摆在了我的眼前');
INSERT INTO `user` VALUES (1552, '戚石学', '4297f44b13955235245b2497399d7a93', '男', 15525577095, '新加坡爱德华小区', '曾经有一份美好的爱情摆在了我的眼前');
INSERT INTO `user` VALUES (1553, '贾明美', '4297f44b13955235245b2497399d7a93', '男', 16955852581, '新加坡爱德华小区', '曾经有一份美好的爱情摆在了我的眼前');
INSERT INTO `user` VALUES (1554, '支虎富', '4297f44b13955235245b2497399d7a93', '男', 14167360739, '新加坡爱德华小区', '曾经有一份美好的爱情摆在了我的眼前');
INSERT INTO `user` VALUES (1555, '柏全声', '4297f44b13955235245b2497399d7a93', '男', 16584950649, '新加坡爱德华小区', '曾经有一份美好的爱情摆在了我的眼前');
INSERT INTO `user` VALUES (1556, '樊雷玉', '4297f44b13955235245b2497399d7a93', '男', 15133586597, '新加坡爱德华小区', '曾经有一份美好的爱情摆在了我的眼前');
INSERT INTO `user` VALUES (1557, '咎爱舒', '4297f44b13955235245b2497399d7a93', '男', 13897261636, '新加坡爱德华小区', '曾经有一份美好的爱情摆在了我的眼前');
INSERT INTO `user` VALUES (1558, '倪斌冬', '4297f44b13955235245b2497399d7a93', '男', 15999408027, '新加坡爱德华小区', '曾经有一份美好的爱情摆在了我的眼前');
INSERT INTO `user` VALUES (1559, '范俊阳', '4297f44b13955235245b2497399d7a93', '男', 18092300283, '新加坡爱德华小区', '曾经有一份美好的爱情摆在了我的眼前');
INSERT INTO `user` VALUES (1560, '蔡夫麟', '4297f44b13955235245b2497399d7a93', '男', 17286805851, '新加坡爱德华小区', '曾经有一份美好的爱情摆在了我的眼前');
INSERT INTO `user` VALUES (1561, '冯才鹤', '4297f44b13955235245b2497399d7a93', '男', 14609700054, '新加坡爱德华小区', '曾经有一份美好的爱情摆在了我的眼前');
INSERT INTO `user` VALUES (1562, '颜蔚坚', '4297f44b13955235245b2497399d7a93', '男', 19613796266, '新加坡爱德华小区', '曾经有一份美好的爱情摆在了我的眼前');
INSERT INTO `user` VALUES (1563, '龚达日', '4297f44b13955235245b2497399d7a93', '男', 13192417482, '新加坡爱德华小区', '曾经有一份美好的爱情摆在了我的眼前');
INSERT INTO `user` VALUES (1564, '夏凡萌', '4297f44b13955235245b2497399d7a93', '男', 16663331193, '新加坡爱德华小区', '曾经有一份美好的爱情摆在了我的眼前');
INSERT INTO `user` VALUES (1565, '窦光湘', '4297f44b13955235245b2497399d7a93', '男', 19656100149, '新加坡爱德华小区', '曾经有一份美好的爱情摆在了我的眼前');
INSERT INTO `user` VALUES (1566, '方君谦', '4297f44b13955235245b2497399d7a93', '男', 17558278873, '新加坡爱德华小区', '曾经有一份美好的爱情摆在了我的眼前');
INSERT INTO `user` VALUES (1567, '毕奇雨', '4297f44b13955235245b2497399d7a93', '男', 14029039311, '新加坡爱德华小区', '曾经有一份美好的爱情摆在了我的眼前');
INSERT INTO `user` VALUES (1568, '麻凡强', '4297f44b13955235245b2497399d7a93', '男', 14171255750, '新加坡爱德华小区', '曾经有一份美好的爱情摆在了我的眼前');
INSERT INTO `user` VALUES (1569, '袁伟庆', '4297f44b13955235245b2497399d7a93', '男', 14545717542, '新加坡爱德华小区', '曾经有一份美好的爱情摆在了我的眼前');
INSERT INTO `user` VALUES (1570, '花朝成', '4297f44b13955235245b2497399d7a93', '男', 16318265690, '新加坡爱德华小区', '曾经有一份美好的爱情摆在了我的眼前');
INSERT INTO `user` VALUES (1571, '姚捷坤', '4297f44b13955235245b2497399d7a93', '男', 14832568866, '新加坡爱德华小区', '曾经有一份美好的爱情摆在了我的眼前');
INSERT INTO `user` VALUES (1572, '闵萍潮', '4297f44b13955235245b2497399d7a93', '男', 13700553767, '新加坡爱德华小区', '曾经有一份美好的爱情摆在了我的眼前');
INSERT INTO `user` VALUES (1573, '鲁家祥', '4297f44b13955235245b2497399d7a93', '男', 14002609636, '新加坡爱德华小区', '曾经有一份美好的爱情摆在了我的眼前');
INSERT INTO `user` VALUES (1574, '平道桐', '4297f44b13955235245b2497399d7a93', '男', 16614686466, '新加坡爱德华小区', '曾经有一份美好的爱情摆在了我的眼前');
INSERT INTO `user` VALUES (1575, '石林启', '4297f44b13955235245b2497399d7a93', '男', 14028434062, '新加坡爱德华小区', '曾经有一份美好的爱情摆在了我的眼前');
INSERT INTO `user` VALUES (1576, '杜维继', '4297f44b13955235245b2497399d7a93', '男', 19571468543, '新加坡爱德华小区', '曾经有一份美好的爱情摆在了我的眼前');
INSERT INTO `user` VALUES (1577, '邱长靖', '4297f44b13955235245b2497399d7a93', '男', 14006662764, '新加坡爱德华小区', '曾经有一份美好的爱情摆在了我的眼前');
INSERT INTO `user` VALUES (1578, '伏琴菲', '4297f44b13955235245b2497399d7a93', '男', 13960759465, '新加坡爱德华小区', '曾经有一份美好的爱情摆在了我的眼前');
INSERT INTO `user` VALUES (1579, '伏祥其', '4297f44b13955235245b2497399d7a93', '男', 19501197717, '新加坡爱德华小区', '曾经有一份美好的爱情摆在了我的眼前');
INSERT INTO `user` VALUES (1580, '臧力义', '4297f44b13955235245b2497399d7a93', '男', 14802121193, '新加坡爱德华小区', '曾经有一份美好的爱情摆在了我的眼前');
INSERT INTO `user` VALUES (1581, '祝怡雷', '4297f44b13955235245b2497399d7a93', '男', 13337753447, '新加坡爱德华小区', '曾经有一份美好的爱情摆在了我的眼前');
INSERT INTO `user` VALUES (1582, '黄冠涵', '4297f44b13955235245b2497399d7a93', '男', 15270922170, '新加坡爱德华小区', '曾经有一份美好的爱情摆在了我的眼前');
INSERT INTO `user` VALUES (1583, '郝红钰', '4297f44b13955235245b2497399d7a93', '男', 19536151343, '新加坡爱德华小区', '曾经有一份美好的爱情摆在了我的眼前');
INSERT INTO `user` VALUES (1584, '胡钧亚', '4297f44b13955235245b2497399d7a93', '男', 13989182155, '新加坡爱德华小区', '曾经有一份美好的爱情摆在了我的眼前');
INSERT INTO `user` VALUES (1585, '娄凤福', '4297f44b13955235245b2497399d7a93', '男', 16758940821, '新加坡爱德华小区', '曾经有一份美好的爱情摆在了我的眼前');
INSERT INTO `user` VALUES (1586, '茅为思', '4297f44b13955235245b2497399d7a93', '男', 13066485431, '新加坡爱德华小区', '曾经有一份美好的爱情摆在了我的眼前');
INSERT INTO `user` VALUES (1587, '诸江刚', '4297f44b13955235245b2497399d7a93', '男', 19643429143, '新加坡爱德华小区', '曾经有一份美好的爱情摆在了我的眼前');
INSERT INTO `user` VALUES (1588, '唐诚艺', '4297f44b13955235245b2497399d7a93', '男', 17902064031, '新加坡爱德华小区', '曾经有一份美好的爱情摆在了我的眼前');
INSERT INTO `user` VALUES (1589, '郎伯妍', '4297f44b13955235245b2497399d7a93', '男', 15191203028, '新加坡爱德华小区', '曾经有一份美好的爱情摆在了我的眼前');
INSERT INTO `user` VALUES (1590, '方棋城', '4297f44b13955235245b2497399d7a93', '男', 16822944607, '新加坡爱德华小区', '曾经有一份美好的爱情摆在了我的眼前');
INSERT INTO `user` VALUES (1591, '曹克枫', '4297f44b13955235245b2497399d7a93', '男', 17380997940, '新加坡爱德华小区', '曾经有一份美好的爱情摆在了我的眼前');
INSERT INTO `user` VALUES (1592, '明诚文', '4297f44b13955235245b2497399d7a93', '男', 14996460204, '新加坡爱德华小区', '曾经有一份美好的爱情摆在了我的眼前');
INSERT INTO `user` VALUES (1593, '米洋保', '4297f44b13955235245b2497399d7a93', '男', 15196339248, '新加坡爱德华小区', '曾经有一份美好的爱情摆在了我的眼前');
INSERT INTO `user` VALUES (1594, '喻星仁', '4297f44b13955235245b2497399d7a93', '男', 18460600330, '新加坡爱德华小区', '曾经有一份美好的爱情摆在了我的眼前');
INSERT INTO `user` VALUES (1595, '庞沛灵', '4297f44b13955235245b2497399d7a93', '男', 13675088471, '新加坡爱德华小区', '曾经有一份美好的爱情摆在了我的眼前');
INSERT INTO `user` VALUES (1596, '潘少辰', '4297f44b13955235245b2497399d7a93', '男', 14829652778, '新加坡爱德华小区', '曾经有一份美好的爱情摆在了我的眼前');
INSERT INTO `user` VALUES (1597, '毛威革', '4297f44b13955235245b2497399d7a93', '男', 16691387777, '新加坡爱德华小区', '曾经有一份美好的爱情摆在了我的眼前');
INSERT INTO `user` VALUES (1598, '汪鹤奕', '4297f44b13955235245b2497399d7a93', '男', 13191384966, '新加坡爱德华小区', '曾经有一份美好的爱情摆在了我的眼前');
INSERT INTO `user` VALUES (1599, '闵晶传', '4297f44b13955235245b2497399d7a93', '男', 14285633641, '新加坡爱德华小区', '曾经有一份美好的爱情摆在了我的眼前');
INSERT INTO `user` VALUES (1600, '郁秀兵', '4297f44b13955235245b2497399d7a93', '男', 14803112236, '新加坡爱德华小区', '曾经有一份美好的爱情摆在了我的眼前');
INSERT INTO `user` VALUES (1601, '祁奇宜', '4297f44b13955235245b2497399d7a93', '男', 18181611918, '新加坡爱德华小区', '曾经有一份美好的爱情摆在了我的眼前');
INSERT INTO `user` VALUES (1602, '邹有坚', '4297f44b13955235245b2497399d7a93', '男', 16721343510, '新加坡爱德华小区', '曾经有一份美好的爱情摆在了我的眼前');
INSERT INTO `user` VALUES (1603, '粱家辰', '4297f44b13955235245b2497399d7a93', '男', 19850019763, '新加坡爱德华小区', '曾经有一份美好的爱情摆在了我的眼前');
INSERT INTO `user` VALUES (1604, '范心勋', '4297f44b13955235245b2497399d7a93', '男', 19492715324, '新加坡爱德华小区', '曾经有一份美好的爱情摆在了我的眼前');
INSERT INTO `user` VALUES (1605, '祝滨国', '4297f44b13955235245b2497399d7a93', '男', 19200339386, '新加坡爱德华小区', '曾经有一份美好的爱情摆在了我的眼前');
INSERT INTO `user` VALUES (1606, '沈双洁', '4297f44b13955235245b2497399d7a93', '男', 13770808901, '新加坡爱德华小区', '曾经有一份美好的爱情摆在了我的眼前');
INSERT INTO `user` VALUES (1607, '强青光', '4297f44b13955235245b2497399d7a93', '男', 17260696532, '新加坡爱德华小区', '曾经有一份美好的爱情摆在了我的眼前');
INSERT INTO `user` VALUES (1608, '房睿谦', '4297f44b13955235245b2497399d7a93', '男', 15220860147, '新加坡爱德华小区', '曾经有一份美好的爱情摆在了我的眼前');
INSERT INTO `user` VALUES (1609, '吕依亚', '4297f44b13955235245b2497399d7a93', '男', 15419497454, '新加坡爱德华小区', '曾经有一份美好的爱情摆在了我的眼前');
INSERT INTO `user` VALUES (1610, '苏乃晖', '4297f44b13955235245b2497399d7a93', '男', 15089768103, '新加坡爱德华小区', '曾经有一份美好的爱情摆在了我的眼前');
INSERT INTO `user` VALUES (1611, '童信男', '4297f44b13955235245b2497399d7a93', '男', 15470108811, '新加坡爱德华小区', '曾经有一份美好的爱情摆在了我的眼前');
INSERT INTO `user` VALUES (1612, '屈晨辉', '4297f44b13955235245b2497399d7a93', '男', 17596885298, '新加坡爱德华小区', '曾经有一份美好的爱情摆在了我的眼前');
INSERT INTO `user` VALUES (1613, '麻雁轩', '4297f44b13955235245b2497399d7a93', '男', 16169412627, '新加坡爱德华小区', '曾经有一份美好的爱情摆在了我的眼前');
INSERT INTO `user` VALUES (1614, '万孝振', '4297f44b13955235245b2497399d7a93', '男', 15840536453, '新加坡爱德华小区', '曾经有一份美好的爱情摆在了我的眼前');
INSERT INTO `user` VALUES (1615, '狄坚彤', '4297f44b13955235245b2497399d7a93', '男', 13624038314, '新加坡爱德华小区', '曾经有一份美好的爱情摆在了我的眼前');
INSERT INTO `user` VALUES (1616, '支章贵', '4297f44b13955235245b2497399d7a93', '男', 19206192897, '新加坡爱德华小区', '曾经有一份美好的爱情摆在了我的眼前');
INSERT INTO `user` VALUES (1617, '诸百新', '4297f44b13955235245b2497399d7a93', '男', 13493251799, '新加坡爱德华小区', '曾经有一份美好的爱情摆在了我的眼前');
INSERT INTO `user` VALUES (1618, '朱艳廷', '4297f44b13955235245b2497399d7a93', '男', 18441567384, '新加坡爱德华小区', '曾经有一份美好的爱情摆在了我的眼前');
INSERT INTO `user` VALUES (1619, '元强雁', '4297f44b13955235245b2497399d7a93', '男', 18451742217, '新加坡爱德华小区', '曾经有一份美好的爱情摆在了我的眼前');
INSERT INTO `user` VALUES (1620, '席少和', '4297f44b13955235245b2497399d7a93', '男', 14018934106, '新加坡爱德华小区', '曾经有一份美好的爱情摆在了我的眼前');
INSERT INTO `user` VALUES (1621, '和书水', '4297f44b13955235245b2497399d7a93', '男', 17154486059, '新加坡爱德华小区', '曾经有一份美好的爱情摆在了我的眼前');
INSERT INTO `user` VALUES (1622, '花婷杰', '4297f44b13955235245b2497399d7a93', '男', 15265987509, '新加坡爱德华小区', '曾经有一份美好的爱情摆在了我的眼前');
INSERT INTO `user` VALUES (1623, '孟来沛', '4297f44b13955235245b2497399d7a93', '男', 14791501447, '新加坡爱德华小区', '曾经有一份美好的爱情摆在了我的眼前');
INSERT INTO `user` VALUES (1624, '汪年婷', '4297f44b13955235245b2497399d7a93', '男', 15829707965, '新加坡爱德华小区', '曾经有一份美好的爱情摆在了我的眼前');
INSERT INTO `user` VALUES (1625, '凤珊桐', '4297f44b13955235245b2497399d7a93', '男', 15484434640, '新加坡爱德华小区', '曾经有一份美好的爱情摆在了我的眼前');
INSERT INTO `user` VALUES (1626, '戴孟伟', '4297f44b13955235245b2497399d7a93', '男', 16922097031, '新加坡爱德华小区', '曾经有一份美好的爱情摆在了我的眼前');
INSERT INTO `user` VALUES (1627, '乐才廷', '4297f44b13955235245b2497399d7a93', '男', 16375542226, '新加坡爱德华小区', '曾经有一份美好的爱情摆在了我的眼前');
INSERT INTO `user` VALUES (1628, '徐迪冰', '4297f44b13955235245b2497399d7a93', '男', 18855243315, '新加坡爱德华小区', '曾经有一份美好的爱情摆在了我的眼前');
INSERT INTO `user` VALUES (1629, '危宁启', '4297f44b13955235245b2497399d7a93', '男', 15227167553, '新加坡爱德华小区', '曾经有一份美好的爱情摆在了我的眼前');
INSERT INTO `user` VALUES (1630, '华小坤', '4297f44b13955235245b2497399d7a93', '男', 13248053480, '新加坡爱德华小区', '曾经有一份美好的爱情摆在了我的眼前');
INSERT INTO `user` VALUES (1631, '吕晨水', '4297f44b13955235245b2497399d7a93', '男', 16677205589, '新加坡爱德华小区', '曾经有一份美好的爱情摆在了我的眼前');
INSERT INTO `user` VALUES (1632, '喻蔚梦', '4297f44b13955235245b2497399d7a93', '男', 13601286368, '新加坡爱德华小区', '曾经有一份美好的爱情摆在了我的眼前');
INSERT INTO `user` VALUES (1633, '贾扬定', '4297f44b13955235245b2497399d7a93', '男', 13336472541, '新加坡爱德华小区', '曾经有一份美好的爱情摆在了我的眼前');
INSERT INTO `user` VALUES (1634, '元才伦', '4297f44b13955235245b2497399d7a93', '男', 19184448966, '新加坡爱德华小区', '曾经有一份美好的爱情摆在了我的眼前');
INSERT INTO `user` VALUES (1635, '赵书超', '4297f44b13955235245b2497399d7a93', '男', 13299436490, '新加坡爱德华小区', '曾经有一份美好的爱情摆在了我的眼前');
INSERT INTO `user` VALUES (1636, '安龙枫', '4297f44b13955235245b2497399d7a93', '男', 18847762106, '新加坡爱德华小区', '曾经有一份美好的爱情摆在了我的眼前');
INSERT INTO `user` VALUES (1637, '纪岳青', '4297f44b13955235245b2497399d7a93', '男', 15686078177, '新加坡爱德华小区', '曾经有一份美好的爱情摆在了我的眼前');
INSERT INTO `user` VALUES (1638, '戴丽茜', '4297f44b13955235245b2497399d7a93', '男', 15959157658, '新加坡爱德华小区', '曾经有一份美好的爱情摆在了我的眼前');
INSERT INTO `user` VALUES (1639, '莫吉玲', '4297f44b13955235245b2497399d7a93', '男', 14040587293, '新加坡爱德华小区', '曾经有一份美好的爱情摆在了我的眼前');
INSERT INTO `user` VALUES (1640, '阮英楠', '4297f44b13955235245b2497399d7a93', '男', 13790985349, '新加坡爱德华小区', '曾经有一份美好的爱情摆在了我的眼前');
INSERT INTO `user` VALUES (1641, '娄元伟', '4297f44b13955235245b2497399d7a93', '男', 16840715724, '新加坡爱德华小区', '曾经有一份美好的爱情摆在了我的眼前');
INSERT INTO `user` VALUES (1642, '蒋晋琪', '4297f44b13955235245b2497399d7a93', '男', 14846292055, '新加坡爱德华小区', '曾经有一份美好的爱情摆在了我的眼前');
INSERT INTO `user` VALUES (1643, '米政月', '4297f44b13955235245b2497399d7a93', '男', 14986897926, '新加坡爱德华小区', '曾经有一份美好的爱情摆在了我的眼前');
INSERT INTO `user` VALUES (1644, '邬春宏', '4297f44b13955235245b2497399d7a93', '男', 13025510430, '新加坡爱德华小区', '曾经有一份美好的爱情摆在了我的眼前');
INSERT INTO `user` VALUES (1645, '包萌扬', '4297f44b13955235245b2497399d7a93', '男', 19811726409, '新加坡爱德华小区', '曾经有一份美好的爱情摆在了我的眼前');
INSERT INTO `user` VALUES (1646, '窦冰铭', '4297f44b13955235245b2497399d7a93', '男', 18097457661, '新加坡爱德华小区', '曾经有一份美好的爱情摆在了我的眼前');
INSERT INTO `user` VALUES (1647, '林石骏', '4297f44b13955235245b2497399d7a93', '男', 14500570801, '新加坡爱德华小区', '曾经有一份美好的爱情摆在了我的眼前');
INSERT INTO `user` VALUES (1648, '水秋琪', '4297f44b13955235245b2497399d7a93', '男', 14659758407, '新加坡爱德华小区', '曾经有一份美好的爱情摆在了我的眼前');
INSERT INTO `user` VALUES (1649, '颜瑜廷', '4297f44b13955235245b2497399d7a93', '男', 14504983831, '新加坡爱德华小区', '曾经有一份美好的爱情摆在了我的眼前');
INSERT INTO `user` VALUES (1650, '杭跃年', '4297f44b13955235245b2497399d7a93', '男', 14529896567, '新加坡爱德华小区', '曾经有一份美好的爱情摆在了我的眼前');
INSERT INTO `user` VALUES (1651, '洪立勇', '4297f44b13955235245b2497399d7a93', '男', 14886403266, '新加坡爱德华小区', '曾经有一份美好的爱情摆在了我的眼前');
INSERT INTO `user` VALUES (1652, '包达善', '4297f44b13955235245b2497399d7a93', '男', 19679989714, '新加坡爱德华小区', '曾经有一份美好的爱情摆在了我的眼前');
INSERT INTO `user` VALUES (1653, '汪百玮', '4297f44b13955235245b2497399d7a93', '男', 18588873480, '新加坡爱德华小区', '曾经有一份美好的爱情摆在了我的眼前');
INSERT INTO `user` VALUES (1654, '酆晋瑞', '4297f44b13955235245b2497399d7a93', '男', 14350921602, '新加坡爱德华小区', '曾经有一份美好的爱情摆在了我的眼前');
INSERT INTO `user` VALUES (1655, '唐银汉', '4297f44b13955235245b2497399d7a93', '男', 13513145366, '新加坡爱德华小区', '曾经有一份美好的爱情摆在了我的眼前');
INSERT INTO `user` VALUES (1656, '苏满春', '4297f44b13955235245b2497399d7a93', '男', 13615503660, '新加坡爱德华小区', '曾经有一份美好的爱情摆在了我的眼前');
INSERT INTO `user` VALUES (1657, '盛紫冠', '4297f44b13955235245b2497399d7a93', '男', 18173612405, '新加坡爱德华小区', '曾经有一份美好的爱情摆在了我的眼前');
INSERT INTO `user` VALUES (1658, '袁生锋', '4297f44b13955235245b2497399d7a93', '男', 13510946861, '新加坡爱德华小区', '曾经有一份美好的爱情摆在了我的眼前');
INSERT INTO `user` VALUES (1659, '傅捷东', '4297f44b13955235245b2497399d7a93', '男', 14458843240, '新加坡爱德华小区', '曾经有一份美好的爱情摆在了我的眼前');
INSERT INTO `user` VALUES (1660, '崔崇延', '4297f44b13955235245b2497399d7a93', '男', 13633729622, '新加坡爱德华小区', '曾经有一份美好的爱情摆在了我的眼前');
INSERT INTO `user` VALUES (1661, '钱敏昕', '4297f44b13955235245b2497399d7a93', '男', 13252323488, '新加坡爱德华小区', '曾经有一份美好的爱情摆在了我的眼前');
INSERT INTO `user` VALUES (1662, '冯晖广', '4297f44b13955235245b2497399d7a93', '男', 13180885786, '新加坡爱德华小区', '曾经有一份美好的爱情摆在了我的眼前');
INSERT INTO `user` VALUES (1663, '狄昌寿', '4297f44b13955235245b2497399d7a93', '男', 15491964900, '新加坡爱德华小区', '曾经有一份美好的爱情摆在了我的眼前');
INSERT INTO `user` VALUES (1664, '杜爽泉', '4297f44b13955235245b2497399d7a93', '男', 16693019827, '新加坡爱德华小区', '曾经有一份美好的爱情摆在了我的眼前');
INSERT INTO `user` VALUES (1665, '酆帆湘', '4297f44b13955235245b2497399d7a93', '男', 15656812661, '新加坡爱德华小区', '曾经有一份美好的爱情摆在了我的眼前');
INSERT INTO `user` VALUES (1666, '黄连永', '4297f44b13955235245b2497399d7a93', '男', 13394896100, '新加坡爱德华小区', '曾经有一份美好的爱情摆在了我的眼前');
INSERT INTO `user` VALUES (1667, '柯宝萍', '4297f44b13955235245b2497399d7a93', '男', 16866309430, '新加坡爱德华小区', '曾经有一份美好的爱情摆在了我的眼前');
INSERT INTO `user` VALUES (1668, '廉汉银', '4297f44b13955235245b2497399d7a93', '男', 13846695107, '新加坡爱德华小区', '曾经有一份美好的爱情摆在了我的眼前');
INSERT INTO `user` VALUES (1669, '钮霖鹏', '4297f44b13955235245b2497399d7a93', '男', 16362129479, '新加坡爱德华小区', '曾经有一份美好的爱情摆在了我的眼前');
INSERT INTO `user` VALUES (1670, '钟邦勤', '4297f44b13955235245b2497399d7a93', '男', 14394109744, '新加坡爱德华小区', '曾经有一份美好的爱情摆在了我的眼前');
INSERT INTO `user` VALUES (1671, '雷腾晓', '4297f44b13955235245b2497399d7a93', '男', 15314446618, '新加坡爱德华小区', '曾经有一份美好的爱情摆在了我的眼前');
INSERT INTO `user` VALUES (1672, '危玮行', '4297f44b13955235245b2497399d7a93', '男', 19040131797, '新加坡爱德华小区', '曾经有一份美好的爱情摆在了我的眼前');
INSERT INTO `user` VALUES (1673, '岑鹤少', '4297f44b13955235245b2497399d7a93', '男', 19783910376, '新加坡爱德华小区', '曾经有一份美好的爱情摆在了我的眼前');
INSERT INTO `user` VALUES (1674, '蒋芬靖', '4297f44b13955235245b2497399d7a93', '男', 18515816838, '新加坡爱德华小区', '曾经有一份美好的爱情摆在了我的眼前');
INSERT INTO `user` VALUES (1675, '吴航舒', '4297f44b13955235245b2497399d7a93', '男', 18339653750, '新加坡爱德华小区', '曾经有一份美好的爱情摆在了我的眼前');
INSERT INTO `user` VALUES (1676, '宣尧长', '4297f44b13955235245b2497399d7a93', '男', 15645827608, '新加坡爱德华小区', '曾经有一份美好的爱情摆在了我的眼前');
INSERT INTO `user` VALUES (1677, '余远士', '4297f44b13955235245b2497399d7a93', '男', 13059899475, '新加坡爱德华小区', '曾经有一份美好的爱情摆在了我的眼前');
INSERT INTO `user` VALUES (1678, '龚聪东', '4297f44b13955235245b2497399d7a93', '男', 19415655233, '新加坡爱德华小区', '曾经有一份美好的爱情摆在了我的眼前');
INSERT INTO `user` VALUES (1679, '钮越城', '4297f44b13955235245b2497399d7a93', '男', 14535934486, '新加坡爱德华小区', '曾经有一份美好的爱情摆在了我的眼前');
INSERT INTO `user` VALUES (1680, '沈诚洲', '4297f44b13955235245b2497399d7a93', '男', 17499184343, '新加坡爱德华小区', '曾经有一份美好的爱情摆在了我的眼前');
INSERT INTO `user` VALUES (1681, '奚麒咏', '4297f44b13955235245b2497399d7a93', '男', 17064864168, '新加坡爱德华小区', '曾经有一份美好的爱情摆在了我的眼前');
INSERT INTO `user` VALUES (1682, '郑菊乃', '4297f44b13955235245b2497399d7a93', '男', 14372891542, '新加坡爱德华小区', '曾经有一份美好的爱情摆在了我的眼前');
INSERT INTO `user` VALUES (1683, '薛睿良', '4297f44b13955235245b2497399d7a93', '男', 15253070484, '新加坡爱德华小区', '曾经有一份美好的爱情摆在了我的眼前');
INSERT INTO `user` VALUES (1684, '殷良沛', '4297f44b13955235245b2497399d7a93', '男', 14666357043, '新加坡爱德华小区', '曾经有一份美好的爱情摆在了我的眼前');
INSERT INTO `user` VALUES (1685, '骆珍虎', '4297f44b13955235245b2497399d7a93', '男', 14380549818, '新加坡爱德华小区', '曾经有一份美好的爱情摆在了我的眼前');
INSERT INTO `user` VALUES (1686, '米麒玮', '4297f44b13955235245b2497399d7a93', '男', 18386258666, '新加坡爱德华小区', '曾经有一份美好的爱情摆在了我的眼前');
INSERT INTO `user` VALUES (1687, '乐梦发', '4297f44b13955235245b2497399d7a93', '男', 13257965381, '新加坡爱德华小区', '曾经有一份美好的爱情摆在了我的眼前');
INSERT INTO `user` VALUES (1688, '崔世玮', '4297f44b13955235245b2497399d7a93', '男', 14638119518, '新加坡爱德华小区', '曾经有一份美好的爱情摆在了我的眼前');
INSERT INTO `user` VALUES (1689, '江沛洲', '4297f44b13955235245b2497399d7a93', '男', 17540739798, '新加坡爱德华小区', '曾经有一份美好的爱情摆在了我的眼前');
INSERT INTO `user` VALUES (1690, '常晖鹏', '4297f44b13955235245b2497399d7a93', '男', 14528197630, '新加坡爱德华小区', '曾经有一份美好的爱情摆在了我的眼前');
INSERT INTO `user` VALUES (1691, '何玲力', '4297f44b13955235245b2497399d7a93', '男', 14691772230, '新加坡爱德华小区', '曾经有一份美好的爱情摆在了我的眼前');
INSERT INTO `user` VALUES (1692, '丁田怡', '4297f44b13955235245b2497399d7a93', '男', 13012053703, '新加坡爱德华小区', '曾经有一份美好的爱情摆在了我的眼前');
INSERT INTO `user` VALUES (1693, '应锡洋', '4297f44b13955235245b2497399d7a93', '男', 19678599047, '新加坡爱德华小区', '曾经有一份美好的爱情摆在了我的眼前');
INSERT INTO `user` VALUES (1694, '顾臣向', '4297f44b13955235245b2497399d7a93', '男', 13004582368, '新加坡爱德华小区', '曾经有一份美好的爱情摆在了我的眼前');
INSERT INTO `user` VALUES (1695, '凌汉庆', '4297f44b13955235245b2497399d7a93', '男', 17859463309, '新加坡爱德华小区', '曾经有一份美好的爱情摆在了我的眼前');
INSERT INTO `user` VALUES (1696, '管冬辉', '4297f44b13955235245b2497399d7a93', '男', 19594904085, '新加坡爱德华小区', '曾经有一份美好的爱情摆在了我的眼前');
INSERT INTO `user` VALUES (1697, '尤咏玉', '4297f44b13955235245b2497399d7a93', '男', 14633979301, '新加坡爱德华小区', '曾经有一份美好的爱情摆在了我的眼前');
INSERT INTO `user` VALUES (1698, '董高碧', '4297f44b13955235245b2497399d7a93', '男', 19557814918, '新加坡爱德华小区', '曾经有一份美好的爱情摆在了我的眼前');
INSERT INTO `user` VALUES (1699, '麻灿学', '4297f44b13955235245b2497399d7a93', '男', 13720071673, '新加坡爱德华小区', '曾经有一份美好的爱情摆在了我的眼前');
INSERT INTO `user` VALUES (1700, '明玮秀', '4297f44b13955235245b2497399d7a93', '男', 13556730618, '新加坡爱德华小区', '曾经有一份美好的爱情摆在了我的眼前');
INSERT INTO `user` VALUES (1701, '盛世升', '4297f44b13955235245b2497399d7a93', '男', 17200283236, '新加坡爱德华小区', '曾经有一份美好的爱情摆在了我的眼前');
INSERT INTO `user` VALUES (1702, '宋基勋', '4297f44b13955235245b2497399d7a93', '男', 14132270773, '新加坡爱德华小区', '曾经有一份美好的爱情摆在了我的眼前');
INSERT INTO `user` VALUES (1703, '昌琴雅', '4297f44b13955235245b2497399d7a93', '男', 19430601741, '新加坡爱德华小区', '曾经有一份美好的爱情摆在了我的眼前');
INSERT INTO `user` VALUES (1704, '任长利', '4297f44b13955235245b2497399d7a93', '男', 13995808821, '新加坡爱德华小区', '曾经有一份美好的爱情摆在了我的眼前');
INSERT INTO `user` VALUES (1705, '娄心小', '4297f44b13955235245b2497399d7a93', '男', 15181825849, '新加坡爱德华小区', '曾经有一份美好的爱情摆在了我的眼前');
INSERT INTO `user` VALUES (1706, '曹瑞辉', '4297f44b13955235245b2497399d7a93', '男', 18211622149, '新加坡爱德华小区', '曾经有一份美好的爱情摆在了我的眼前');
INSERT INTO `user` VALUES (1707, '邬毅晨', '4297f44b13955235245b2497399d7a93', '男', 14959027503, '新加坡爱德华小区', '曾经有一份美好的爱情摆在了我的眼前');
INSERT INTO `user` VALUES (1708, '严晋勤', '4297f44b13955235245b2497399d7a93', '男', 14141423191, '新加坡爱德华小区', '曾经有一份美好的爱情摆在了我的眼前');
INSERT INTO `user` VALUES (1709, '郎为兆', '4297f44b13955235245b2497399d7a93', '男', 16555561299, '新加坡爱德华小区', '曾经有一份美好的爱情摆在了我的眼前');
INSERT INTO `user` VALUES (1710, '夏骏超', '4297f44b13955235245b2497399d7a93', '男', 16087119832, '新加坡爱德华小区', '曾经有一份美好的爱情摆在了我的眼前');
INSERT INTO `user` VALUES (1711, '凤群棋', '4297f44b13955235245b2497399d7a93', '男', 13500395200, '新加坡爱德华小区', '曾经有一份美好的爱情摆在了我的眼前');
INSERT INTO `user` VALUES (1712, '殷恩东', '4297f44b13955235245b2497399d7a93', '男', 13912839488, '新加坡爱德华小区', '曾经有一份美好的爱情摆在了我的眼前');
INSERT INTO `user` VALUES (1713, '谢成跃', '4297f44b13955235245b2497399d7a93', '男', 13842248934, '新加坡爱德华小区', '曾经有一份美好的爱情摆在了我的眼前');
INSERT INTO `user` VALUES (1714, '朱棋乐', '4297f44b13955235245b2497399d7a93', '男', 17497220145, '新加坡爱德华小区', '曾经有一份美好的爱情摆在了我的眼前');
INSERT INTO `user` VALUES (1715, '喻树标', '4297f44b13955235245b2497399d7a93', '男', 13733260807, '新加坡爱德华小区', '曾经有一份美好的爱情摆在了我的眼前');
INSERT INTO `user` VALUES (1716, '祁彪光', '4297f44b13955235245b2497399d7a93', '男', 18735233396, '新加坡爱德华小区', '曾经有一份美好的爱情摆在了我的眼前');
INSERT INTO `user` VALUES (1717, '左昊升', '4297f44b13955235245b2497399d7a93', '男', 14286922191, '新加坡爱德华小区', '曾经有一份美好的爱情摆在了我的眼前');
INSERT INTO `user` VALUES (1718, '高瑞宏', '4297f44b13955235245b2497399d7a93', '男', 19548554884, '新加坡爱德华小区', '曾经有一份美好的爱情摆在了我的眼前');
INSERT INTO `user` VALUES (1719, '咎百沛', '4297f44b13955235245b2497399d7a93', '男', 13396400341, '新加坡爱德华小区', '曾经有一份美好的爱情摆在了我的眼前');
INSERT INTO `user` VALUES (1720, '夏乃越', '4297f44b13955235245b2497399d7a93', '男', 14391704104, '新加坡爱德华小区', '曾经有一份美好的爱情摆在了我的眼前');
INSERT INTO `user` VALUES (1721, '纪媛忠', '4297f44b13955235245b2497399d7a93', '男', 16438308725, '新加坡爱德华小区', '曾经有一份美好的爱情摆在了我的眼前');
INSERT INTO `user` VALUES (1722, '苏方超', '4297f44b13955235245b2497399d7a93', '男', 13321310668, '新加坡爱德华小区', '曾经有一份美好的爱情摆在了我的眼前');
INSERT INTO `user` VALUES (1723, '萧航顺', '4297f44b13955235245b2497399d7a93', '男', 16424253640, '新加坡爱德华小区', '曾经有一份美好的爱情摆在了我的眼前');
INSERT INTO `user` VALUES (1724, '何维岚', '4297f44b13955235245b2497399d7a93', '男', 14695664611, '新加坡爱德华小区', '曾经有一份美好的爱情摆在了我的眼前');
INSERT INTO `user` VALUES (1725, '秦开腾', '4297f44b13955235245b2497399d7a93', '男', 15011705032, '新加坡爱德华小区', '曾经有一份美好的爱情摆在了我的眼前');
INSERT INTO `user` VALUES (1726, '孔寿勤', '4297f44b13955235245b2497399d7a93', '男', 17218460299, '新加坡爱德华小区', '曾经有一份美好的爱情摆在了我的眼前');
INSERT INTO `user` VALUES (1727, '邱传勇', '4297f44b13955235245b2497399d7a93', '男', 18384656356, '新加坡爱德华小区', '曾经有一份美好的爱情摆在了我的眼前');
INSERT INTO `user` VALUES (1728, '岑寿妍', '4297f44b13955235245b2497399d7a93', '男', 13282310318, '新加坡爱德华小区', '曾经有一份美好的爱情摆在了我的眼前');
INSERT INTO `user` VALUES (1729, '方腾广', '4297f44b13955235245b2497399d7a93', '男', 16936263042, '新加坡爱德华小区', '曾经有一份美好的爱情摆在了我的眼前');
INSERT INTO `user` VALUES (1730, '闵风晓', '4297f44b13955235245b2497399d7a93', '男', 15386618049, '新加坡爱德华小区', '曾经有一份美好的爱情摆在了我的眼前');
INSERT INTO `user` VALUES (1731, '陈春鸿', '4297f44b13955235245b2497399d7a93', '男', 14749741154, '新加坡爱德华小区', '曾经有一份美好的爱情摆在了我的眼前');
INSERT INTO `user` VALUES (1732, '邬泰越', '4297f44b13955235245b2497399d7a93', '男', 15920054739, '新加坡爱德华小区', '曾经有一份美好的爱情摆在了我的眼前');
INSERT INTO `user` VALUES (1733, '包杰麟', '4297f44b13955235245b2497399d7a93', '男', 18893677710, '新加坡爱德华小区', '曾经有一份美好的爱情摆在了我的眼前');
INSERT INTO `user` VALUES (1734, '贾涵义', '4297f44b13955235245b2497399d7a93', '男', 19601359114, '新加坡爱德华小区', '曾经有一份美好的爱情摆在了我的眼前');
INSERT INTO `user` VALUES (1735, '左金雨', '4297f44b13955235245b2497399d7a93', '男', 18841048243, '新加坡爱德华小区', '曾经有一份美好的爱情摆在了我的眼前');
INSERT INTO `user` VALUES (1736, '卜淇真', '4297f44b13955235245b2497399d7a93', '男', 14415931861, '新加坡爱德华小区', '曾经有一份美好的爱情摆在了我的眼前');
INSERT INTO `user` VALUES (1737, '屈妮娟', '4297f44b13955235245b2497399d7a93', '男', 13124810132, '新加坡爱德华小区', '曾经有一份美好的爱情摆在了我的眼前');
INSERT INTO `user` VALUES (1738, '禹根友', '4297f44b13955235245b2497399d7a93', '男', 16023540699, '新加坡爱德华小区', '曾经有一份美好的爱情摆在了我的眼前');
INSERT INTO `user` VALUES (1739, '邓洁松', '4297f44b13955235245b2497399d7a93', '男', 14393707998, '新加坡爱德华小区', '曾经有一份美好的爱情摆在了我的眼前');
INSERT INTO `user` VALUES (1740, '倪佩坚', '4297f44b13955235245b2497399d7a93', '男', 16998945496, '新加坡爱德华小区', '曾经有一份美好的爱情摆在了我的眼前');
INSERT INTO `user` VALUES (1741, '房彬孟', '4297f44b13955235245b2497399d7a93', '男', 17773602245, '新加坡爱德华小区', '曾经有一份美好的爱情摆在了我的眼前');
INSERT INTO `user` VALUES (1742, '滕尧秀', '4297f44b13955235245b2497399d7a93', '男', 16319593685, '新加坡爱德华小区', '曾经有一份美好的爱情摆在了我的眼前');
INSERT INTO `user` VALUES (1743, '萧洁晖', '4297f44b13955235245b2497399d7a93', '男', 18415379073, '新加坡爱德华小区', '曾经有一份美好的爱情摆在了我的眼前');
INSERT INTO `user` VALUES (1744, '倪风伊', '4297f44b13955235245b2497399d7a93', '男', 15022906080, '新加坡爱德华小区', '曾经有一份美好的爱情摆在了我的眼前');
INSERT INTO `user` VALUES (1745, '陶颖庆', '4297f44b13955235245b2497399d7a93', '男', 19849392126, '新加坡爱德华小区', '曾经有一份美好的爱情摆在了我的眼前');
INSERT INTO `user` VALUES (1746, '潘裕锋', '4297f44b13955235245b2497399d7a93', '男', 16287246295, '新加坡爱德华小区', '曾经有一份美好的爱情摆在了我的眼前');
INSERT INTO `user` VALUES (1747, '鲁毅继', '4297f44b13955235245b2497399d7a93', '男', 15286037062, '新加坡爱德华小区', '曾经有一份美好的爱情摆在了我的眼前');
INSERT INTO `user` VALUES (1748, '危滨楚', '4297f44b13955235245b2497399d7a93', '男', 17103855299, '新加坡爱德华小区', '曾经有一份美好的爱情摆在了我的眼前');
INSERT INTO `user` VALUES (1749, '蒋东菲', '4297f44b13955235245b2497399d7a93', '男', 17679598924, '新加坡爱德华小区', '曾经有一份美好的爱情摆在了我的眼前');
INSERT INTO `user` VALUES (1750, '洪宪铁', '4297f44b13955235245b2497399d7a93', '男', 13171613465, '新加坡爱德华小区', '曾经有一份美好的爱情摆在了我的眼前');
INSERT INTO `user` VALUES (1751, '梅鸿兴', '4297f44b13955235245b2497399d7a93', '男', 19987360406, '新加坡爱德华小区', '曾经有一份美好的爱情摆在了我的眼前');
INSERT INTO `user` VALUES (1752, '左蔚洁', '4297f44b13955235245b2497399d7a93', '男', 15654565600, '新加坡爱德华小区', '曾经有一份美好的爱情摆在了我的眼前');
INSERT INTO `user` VALUES (1753, '毕生珍', '4297f44b13955235245b2497399d7a93', '男', 19555719541, '新加坡爱德华小区', '曾经有一份美好的爱情摆在了我的眼前');
INSERT INTO `user` VALUES (1754, '娄倩来', '4297f44b13955235245b2497399d7a93', '男', 16626921253, '新加坡爱德华小区', '曾经有一份美好的爱情摆在了我的眼前');
INSERT INTO `user` VALUES (1755, '章波汉', '4297f44b13955235245b2497399d7a93', '男', 15669038598, '新加坡爱德华小区', '曾经有一份美好的爱情摆在了我的眼前');
INSERT INTO `user` VALUES (1756, '麻吉培', '4297f44b13955235245b2497399d7a93', '男', 13490105367, '新加坡爱德华小区', '曾经有一份美好的爱情摆在了我的眼前');
INSERT INTO `user` VALUES (1757, '施泽旭', '4297f44b13955235245b2497399d7a93', '男', 13329075880, '新加坡爱德华小区', '曾经有一份美好的爱情摆在了我的眼前');
INSERT INTO `user` VALUES (1758, '堪日杨', '4297f44b13955235245b2497399d7a93', '男', 14291357443, '新加坡爱德华小区', '曾经有一份美好的爱情摆在了我的眼前');
INSERT INTO `user` VALUES (1759, '洪蔚勤', '4297f44b13955235245b2497399d7a93', '男', 18786827270, '新加坡爱德华小区', '曾经有一份美好的爱情摆在了我的眼前');
INSERT INTO `user` VALUES (1760, '花耀满', '4297f44b13955235245b2497399d7a93', '男', 17770403426, '新加坡爱德华小区', '曾经有一份美好的爱情摆在了我的眼前');
INSERT INTO `user` VALUES (1761, '邬宪毅', '4297f44b13955235245b2497399d7a93', '男', 14146065674, '新加坡爱德华小区', '曾经有一份美好的爱情摆在了我的眼前');
INSERT INTO `user` VALUES (1762, '许正洪', '4297f44b13955235245b2497399d7a93', '男', 13238875522, '新加坡爱德华小区', '曾经有一份美好的爱情摆在了我的眼前');
INSERT INTO `user` VALUES (1763, '郁妮鹏', '4297f44b13955235245b2497399d7a93', '男', 19847474531, '新加坡爱德华小区', '曾经有一份美好的爱情摆在了我的眼前');
INSERT INTO `user` VALUES (1764, '袁国宇', '4297f44b13955235245b2497399d7a93', '男', 17978219279, '新加坡爱德华小区', '曾经有一份美好的爱情摆在了我的眼前');
INSERT INTO `user` VALUES (1765, '汪夫敏', '4297f44b13955235245b2497399d7a93', '男', 17937164767, '新加坡爱德华小区', '曾经有一份美好的爱情摆在了我的眼前');
INSERT INTO `user` VALUES (1766, '韦君麒', '4297f44b13955235245b2497399d7a93', '男', 15610784983, '新加坡爱德华小区', '曾经有一份美好的爱情摆在了我的眼前');
INSERT INTO `user` VALUES (1767, '韦全湘', '4297f44b13955235245b2497399d7a93', '男', 16176850460, '新加坡爱德华小区', '曾经有一份美好的爱情摆在了我的眼前');
INSERT INTO `user` VALUES (1768, '徐慧申', '4297f44b13955235245b2497399d7a93', '男', 19433716197, '新加坡爱德华小区', '曾经有一份美好的爱情摆在了我的眼前');
INSERT INTO `user` VALUES (1769, '酆坚敬', '4297f44b13955235245b2497399d7a93', '男', 17756767804, '新加坡爱德华小区', '曾经有一份美好的爱情摆在了我的眼前');
INSERT INTO `user` VALUES (1770, '萧权妍', '4297f44b13955235245b2497399d7a93', '男', 15839513392, '新加坡爱德华小区', '曾经有一份美好的爱情摆在了我的眼前');
INSERT INTO `user` VALUES (1771, '廉松碧', '4297f44b13955235245b2497399d7a93', '男', 15387714594, '新加坡爱德华小区', '曾经有一份美好的爱情摆在了我的眼前');
INSERT INTO `user` VALUES (1772, '魏革士', '4297f44b13955235245b2497399d7a93', '男', 14877309765, '新加坡爱德华小区', '曾经有一份美好的爱情摆在了我的眼前');
INSERT INTO `user` VALUES (1773, '钮兵定', '4297f44b13955235245b2497399d7a93', '男', 16817295673, '新加坡爱德华小区', '曾经有一份美好的爱情摆在了我的眼前');
INSERT INTO `user` VALUES (1774, '吉秋哲', '4297f44b13955235245b2497399d7a93', '男', 15324882675, '新加坡爱德华小区', '曾经有一份美好的爱情摆在了我的眼前');
INSERT INTO `user` VALUES (1775, '梅善奎', '4297f44b13955235245b2497399d7a93', '男', 16599135277, '新加坡爱德华小区', '曾经有一份美好的爱情摆在了我的眼前');
INSERT INTO `user` VALUES (1776, '卢梓浩', '4297f44b13955235245b2497399d7a93', '男', 15778081937, '新加坡爱德华小区', '曾经有一份美好的爱情摆在了我的眼前');
INSERT INTO `user` VALUES (1777, '杨福宇', '4297f44b13955235245b2497399d7a93', '男', 15081023212, '新加坡爱德华小区', '曾经有一份美好的爱情摆在了我的眼前');
INSERT INTO `user` VALUES (1778, '计如捷', '4297f44b13955235245b2497399d7a93', '男', 15435365605, '新加坡爱德华小区', '曾经有一份美好的爱情摆在了我的眼前');
INSERT INTO `user` VALUES (1779, '柳启万', '4297f44b13955235245b2497399d7a93', '男', 14475665392, '新加坡爱德华小区', '曾经有一份美好的爱情摆在了我的眼前');
INSERT INTO `user` VALUES (1780, '季洪山', '4297f44b13955235245b2497399d7a93', '男', 14812650054, '新加坡爱德华小区', '曾经有一份美好的爱情摆在了我的眼前');
INSERT INTO `user` VALUES (1781, '殷帆雨', '4297f44b13955235245b2497399d7a93', '男', 15072177798, '新加坡爱德华小区', '曾经有一份美好的爱情摆在了我的眼前');
INSERT INTO `user` VALUES (1782, '季维乐', '4297f44b13955235245b2497399d7a93', '男', 16988327452, '新加坡爱德华小区', '曾经有一份美好的爱情摆在了我的眼前');
INSERT INTO `user` VALUES (1783, '单坤菊', '4297f44b13955235245b2497399d7a93', '男', 19243825814, '新加坡爱德华小区', '曾经有一份美好的爱情摆在了我的眼前');
INSERT INTO `user` VALUES (1784, '俞沛杨', '4297f44b13955235245b2497399d7a93', '男', 13479543775, '新加坡爱德华小区', '曾经有一份美好的爱情摆在了我的眼前');
INSERT INTO `user` VALUES (1785, '滕全玉', '4297f44b13955235245b2497399d7a93', '男', 18077434064, '新加坡爱德华小区', '曾经有一份美好的爱情摆在了我的眼前');
INSERT INTO `user` VALUES (1786, '蔡恒银', '4297f44b13955235245b2497399d7a93', '男', 13686146038, '新加坡爱德华小区', '曾经有一份美好的爱情摆在了我的眼前');
INSERT INTO `user` VALUES (1787, '花景媛', '4297f44b13955235245b2497399d7a93', '男', 14248966545, '新加坡爱德华小区', '曾经有一份美好的爱情摆在了我的眼前');
INSERT INTO `user` VALUES (1788, '贾汝梅', '4297f44b13955235245b2497399d7a93', '男', 15492204548, '新加坡爱德华小区', '曾经有一份美好的爱情摆在了我的眼前');
INSERT INTO `user` VALUES (1789, '杜晶麟', '4297f44b13955235245b2497399d7a93', '男', 14502876143, '新加坡爱德华小区', '曾经有一份美好的爱情摆在了我的眼前');
INSERT INTO `user` VALUES (1790, '柏培颖', '4297f44b13955235245b2497399d7a93', '男', 15136644165, '新加坡爱德华小区', '曾经有一份美好的爱情摆在了我的眼前');
INSERT INTO `user` VALUES (1791, '房伟向', '4297f44b13955235245b2497399d7a93', '男', 14351278586, '新加坡爱德华小区', '曾经有一份美好的爱情摆在了我的眼前');
INSERT INTO `user` VALUES (1792, '薛颖征', '4297f44b13955235245b2497399d7a93', '男', 13931420993, '新加坡爱德华小区', '曾经有一份美好的爱情摆在了我的眼前');
INSERT INTO `user` VALUES (1793, '皮霖扬', '4297f44b13955235245b2497399d7a93', '男', 18485307322, '新加坡爱德华小区', '曾经有一份美好的爱情摆在了我的眼前');
INSERT INTO `user` VALUES (1794, '林景满', '4297f44b13955235245b2497399d7a93', '男', 19493036753, '新加坡爱德华小区', '曾经有一份美好的爱情摆在了我的眼前');
INSERT INTO `user` VALUES (1795, '计敬若', '4297f44b13955235245b2497399d7a93', '男', 14299570592, '新加坡爱德华小区', '曾经有一份美好的爱情摆在了我的眼前');
INSERT INTO `user` VALUES (1796, '孙荣沛', '4297f44b13955235245b2497399d7a93', '男', 15058730410, '新加坡爱德华小区', '曾经有一份美好的爱情摆在了我的眼前');
INSERT INTO `user` VALUES (1797, '尹毅轩', '4297f44b13955235245b2497399d7a93', '男', 15831739318, '新加坡爱德华小区', '曾经有一份美好的爱情摆在了我的眼前');
INSERT INTO `user` VALUES (1798, '雷礼培', '4297f44b13955235245b2497399d7a93', '男', 16544042730, '新加坡爱德华小区', '曾经有一份美好的爱情摆在了我的眼前');
INSERT INTO `user` VALUES (1799, '狄德辉', '4297f44b13955235245b2497399d7a93', '男', 16350410623, '新加坡爱德华小区', '曾经有一份美好的爱情摆在了我的眼前');
INSERT INTO `user` VALUES (1800, '茅军开', '4297f44b13955235245b2497399d7a93', '男', 13653324483, '新加坡爱德华小区', '曾经有一份美好的爱情摆在了我的眼前');
INSERT INTO `user` VALUES (1801, '钮菊茜', '4297f44b13955235245b2497399d7a93', '男', 14503869516, '新加坡爱德华小区', '曾经有一份美好的爱情摆在了我的眼前');
INSERT INTO `user` VALUES (1802, '卢兰睿', '4297f44b13955235245b2497399d7a93', '男', 19449724886, '新加坡爱德华小区', '曾经有一份美好的爱情摆在了我的眼前');
INSERT INTO `user` VALUES (1803, '云越素', '4297f44b13955235245b2497399d7a93', '男', 18903953672, '新加坡爱德华小区', '曾经有一份美好的爱情摆在了我的眼前');
INSERT INTO `user` VALUES (1804, '房艺国', '4297f44b13955235245b2497399d7a93', '男', 14048556934, '新加坡爱德华小区', '曾经有一份美好的爱情摆在了我的眼前');
INSERT INTO `user` VALUES (1805, '蔡宜福', '4297f44b13955235245b2497399d7a93', '男', 19960773345, '新加坡爱德华小区', '曾经有一份美好的爱情摆在了我的眼前');
INSERT INTO `user` VALUES (1806, '应百寿', '4297f44b13955235245b2497399d7a93', '男', 13341386776, '新加坡爱德华小区', '曾经有一份美好的爱情摆在了我的眼前');
INSERT INTO `user` VALUES (1807, '谈海继', '4297f44b13955235245b2497399d7a93', '男', 16077610671, '新加坡爱德华小区', '曾经有一份美好的爱情摆在了我的眼前');
INSERT INTO `user` VALUES (1808, '云然庭', '4297f44b13955235245b2497399d7a93', '男', 15518791685, '新加坡爱德华小区', '曾经有一份美好的爱情摆在了我的眼前');
INSERT INTO `user` VALUES (1809, '裘菲美', '4297f44b13955235245b2497399d7a93', '男', 18358380548, '新加坡爱德华小区', '曾经有一份美好的爱情摆在了我的眼前');
INSERT INTO `user` VALUES (1810, '周永敏', '4297f44b13955235245b2497399d7a93', '男', 18544966675, '新加坡爱德华小区', '曾经有一份美好的爱情摆在了我的眼前');
INSERT INTO `user` VALUES (1811, '邓军豪', '4297f44b13955235245b2497399d7a93', '男', 13739411531, '新加坡爱德华小区', '曾经有一份美好的爱情摆在了我的眼前');
INSERT INTO `user` VALUES (1812, '蓝辉灵', '4297f44b13955235245b2497399d7a93', '男', 13205144866, '新加坡爱德华小区', '曾经有一份美好的爱情摆在了我的眼前');
INSERT INTO `user` VALUES (1813, '梅家雪', '4297f44b13955235245b2497399d7a93', '男', 16911713805, '新加坡爱德华小区', '曾经有一份美好的爱情摆在了我的眼前');
INSERT INTO `user` VALUES (1814, '成思恩', '4297f44b13955235245b2497399d7a93', '男', 17927698959, '新加坡爱德华小区', '曾经有一份美好的爱情摆在了我的眼前');
INSERT INTO `user` VALUES (1815, '俞久城', '4297f44b13955235245b2497399d7a93', '男', 15809548305, '新加坡爱德华小区', '曾经有一份美好的爱情摆在了我的眼前');
INSERT INTO `user` VALUES (1816, '苗蕾男', '4297f44b13955235245b2497399d7a93', '男', 19652940793, '新加坡爱德华小区', '曾经有一份美好的爱情摆在了我的眼前');
INSERT INTO `user` VALUES (1817, '郎继越', '4297f44b13955235245b2497399d7a93', '男', 13367470193, '新加坡爱德华小区', '曾经有一份美好的爱情摆在了我的眼前');
INSERT INTO `user` VALUES (1818, '危奕炳', '4297f44b13955235245b2497399d7a93', '男', 13353961140, '新加坡爱德华小区', '曾经有一份美好的爱情摆在了我的眼前');
INSERT INTO `user` VALUES (1819, '萧锡海', '4297f44b13955235245b2497399d7a93', '男', 18797462556, '新加坡爱德华小区', '曾经有一份美好的爱情摆在了我的眼前');
INSERT INTO `user` VALUES (1820, '昌蕾珠', '4297f44b13955235245b2497399d7a93', '男', 14244751328, '新加坡爱德华小区', '曾经有一份美好的爱情摆在了我的眼前');
INSERT INTO `user` VALUES (1821, '夏政海', '4297f44b13955235245b2497399d7a93', '男', 15224846671, '新加坡爱德华小区', '曾经有一份美好的爱情摆在了我的眼前');
INSERT INTO `user` VALUES (1822, '廉金锋', '4297f44b13955235245b2497399d7a93', '男', 15174305455, '新加坡爱德华小区', '曾经有一份美好的爱情摆在了我的眼前');
INSERT INTO `user` VALUES (1823, '包旭发', '4297f44b13955235245b2497399d7a93', '男', 14462844131, '新加坡爱德华小区', '曾经有一份美好的爱情摆在了我的眼前');
INSERT INTO `user` VALUES (1824, '莫国开', '4297f44b13955235245b2497399d7a93', '男', 14338906663, '新加坡爱德华小区', '曾经有一份美好的爱情摆在了我的眼前');
INSERT INTO `user` VALUES (1825, '赵建海', '4297f44b13955235245b2497399d7a93', '男', 13416242854, '新加坡爱德华小区', '曾经有一份美好的爱情摆在了我的眼前');
INSERT INTO `user` VALUES (1826, '邱日宁', '4297f44b13955235245b2497399d7a93', '男', 16603928369, '新加坡爱德华小区', '曾经有一份美好的爱情摆在了我的眼前');
INSERT INTO `user` VALUES (1827, '干定捷', '4297f44b13955235245b2497399d7a93', '男', 16647368704, '新加坡爱德华小区', '曾经有一份美好的爱情摆在了我的眼前');
INSERT INTO `user` VALUES (1828, '彭森睿', '4297f44b13955235245b2497399d7a93', '男', 17114283384, '新加坡爱德华小区', '曾经有一份美好的爱情摆在了我的眼前');
INSERT INTO `user` VALUES (1829, '费绍久', '4297f44b13955235245b2497399d7a93', '男', 17257435293, '新加坡爱德华小区', '曾经有一份美好的爱情摆在了我的眼前');
INSERT INTO `user` VALUES (1830, '卢尧兆', '4297f44b13955235245b2497399d7a93', '男', 13946232747, '新加坡爱德华小区', '曾经有一份美好的爱情摆在了我的眼前');
INSERT INTO `user` VALUES (1831, '路声革', '4297f44b13955235245b2497399d7a93', '男', 13136563765, '新加坡爱德华小区', '曾经有一份美好的爱情摆在了我的眼前');
INSERT INTO `user` VALUES (1832, '任宝航', '4297f44b13955235245b2497399d7a93', '男', 19497033647, '新加坡爱德华小区', '曾经有一份美好的爱情摆在了我的眼前');
INSERT INTO `user` VALUES (1833, '姚世大', '4297f44b13955235245b2497399d7a93', '男', 13939673328, '新加坡爱德华小区', '曾经有一份美好的爱情摆在了我的眼前');
INSERT INTO `user` VALUES (1834, '明福洁', '4297f44b13955235245b2497399d7a93', '男', 14239021292, '新加坡爱德华小区', '曾经有一份美好的爱情摆在了我的眼前');
INSERT INTO `user` VALUES (1835, '刁亚鑫', '4297f44b13955235245b2497399d7a93', '男', 15215824919, '新加坡爱德华小区', '曾经有一份美好的爱情摆在了我的眼前');
INSERT INTO `user` VALUES (1836, '倪宏晶', '4297f44b13955235245b2497399d7a93', '男', 13259619391, '新加坡爱德华小区', '曾经有一份美好的爱情摆在了我的眼前');
INSERT INTO `user` VALUES (1837, '左耀哲', '4297f44b13955235245b2497399d7a93', '男', 14493185364, '新加坡爱德华小区', '曾经有一份美好的爱情摆在了我的眼前');
INSERT INTO `user` VALUES (1838, '裘莲旭', '4297f44b13955235245b2497399d7a93', '男', 17360937783, '新加坡爱德华小区', '曾经有一份美好的爱情摆在了我的眼前');
INSERT INTO `user` VALUES (1839, '卜继永', '4297f44b13955235245b2497399d7a93', '男', 16539225490, '新加坡爱德华小区', '曾经有一份美好的爱情摆在了我的眼前');
INSERT INTO `user` VALUES (1840, '季灵清', '4297f44b13955235245b2497399d7a93', '男', 17649754605, '新加坡爱德华小区', '曾经有一份美好的爱情摆在了我的眼前');
INSERT INTO `user` VALUES (1841, '房君非', '4297f44b13955235245b2497399d7a93', '男', 18356287326, '新加坡爱德华小区', '曾经有一份美好的爱情摆在了我的眼前');
INSERT INTO `user` VALUES (1842, '吕劲卫', '4297f44b13955235245b2497399d7a93', '男', 15633475927, '新加坡爱德华小区', '曾经有一份美好的爱情摆在了我的眼前');
INSERT INTO `user` VALUES (1843, '堪之翔', '4297f44b13955235245b2497399d7a93', '男', 14799210132, '新加坡爱德华小区', '曾经有一份美好的爱情摆在了我的眼前');
INSERT INTO `user` VALUES (1844, '臧钧钰', '4297f44b13955235245b2497399d7a93', '男', 19900333445, '新加坡爱德华小区', '曾经有一份美好的爱情摆在了我的眼前');
INSERT INTO `user` VALUES (1845, '于书岚', '4297f44b13955235245b2497399d7a93', '男', 18783807555, '新加坡爱德华小区', '曾经有一份美好的爱情摆在了我的眼前');
INSERT INTO `user` VALUES (1846, '凤金富', '4297f44b13955235245b2497399d7a93', '男', 15335155611, '新加坡爱德华小区', '曾经有一份美好的爱情摆在了我的眼前');
INSERT INTO `user` VALUES (1847, '贲凤和', '4297f44b13955235245b2497399d7a93', '男', 15889328315, '新加坡爱德华小区', '曾经有一份美好的爱情摆在了我的眼前');
INSERT INTO `user` VALUES (1848, '危婷颖', '4297f44b13955235245b2497399d7a93', '男', 13316490034, '新加坡爱德华小区', '曾经有一份美好的爱情摆在了我的眼前');
INSERT INTO `user` VALUES (1849, '卜和夏', '4297f44b13955235245b2497399d7a93', '男', 16716058535, '新加坡爱德华小区', '曾经有一份美好的爱情摆在了我的眼前');
INSERT INTO `user` VALUES (1850, '乐妍翰', '4297f44b13955235245b2497399d7a93', '男', 13279298834, '新加坡爱德华小区', '曾经有一份美好的爱情摆在了我的眼前');
INSERT INTO `user` VALUES (1851, '汤金安', '4297f44b13955235245b2497399d7a93', '男', 17963595045, '新加坡爱德华小区', '曾经有一份美好的爱情摆在了我的眼前');
INSERT INTO `user` VALUES (1852, '安立咏', '4297f44b13955235245b2497399d7a93', '男', 15433113388, '新加坡爱德华小区', '曾经有一份美好的爱情摆在了我的眼前');
INSERT INTO `user` VALUES (1853, '康妮其', '4297f44b13955235245b2497399d7a93', '男', 14688689307, '新加坡爱德华小区', '曾经有一份美好的爱情摆在了我的眼前');
INSERT INTO `user` VALUES (1854, '蔡伊毅', '4297f44b13955235245b2497399d7a93', '男', 14570213730, '新加坡爱德华小区', '曾经有一份美好的爱情摆在了我的眼前');
INSERT INTO `user` VALUES (1855, '贺亚石', '4297f44b13955235245b2497399d7a93', '男', 15713789193, '新加坡爱德华小区', '曾经有一份美好的爱情摆在了我的眼前');
INSERT INTO `user` VALUES (1856, '骆汝桂', '4297f44b13955235245b2497399d7a93', '男', 13277161801, '新加坡爱德华小区', '曾经有一份美好的爱情摆在了我的眼前');
INSERT INTO `user` VALUES (1857, '金雯胜', '4297f44b13955235245b2497399d7a93', '男', 15362920983, '新加坡爱德华小区', '曾经有一份美好的爱情摆在了我的眼前');
INSERT INTO `user` VALUES (1858, '郁革青', '4297f44b13955235245b2497399d7a93', '男', 16958170144, '新加坡爱德华小区', '曾经有一份美好的爱情摆在了我的眼前');
INSERT INTO `user` VALUES (1859, '高涛庆', '4297f44b13955235245b2497399d7a93', '男', 18111202489, '新加坡爱德华小区', '曾经有一份美好的爱情摆在了我的眼前');
INSERT INTO `user` VALUES (1860, '石湘厚', '4297f44b13955235245b2497399d7a93', '男', 18188364941, '新加坡爱德华小区', '曾经有一份美好的爱情摆在了我的眼前');
INSERT INTO `user` VALUES (1861, '柳华大', '4297f44b13955235245b2497399d7a93', '男', 17816121997, '新加坡爱德华小区', '曾经有一份美好的爱情摆在了我的眼前');
INSERT INTO `user` VALUES (1862, '霍萌汉', '4297f44b13955235245b2497399d7a93', '男', 17007302757, '新加坡爱德华小区', '曾经有一份美好的爱情摆在了我的眼前');
INSERT INTO `user` VALUES (1863, '伏玲琴', '4297f44b13955235245b2497399d7a93', '男', 14453959633, '新加坡爱德华小区', '曾经有一份美好的爱情摆在了我的眼前');
INSERT INTO `user` VALUES (1864, '贾子兰', '4297f44b13955235245b2497399d7a93', '男', 19815926599, '新加坡爱德华小区', '曾经有一份美好的爱情摆在了我的眼前');
INSERT INTO `user` VALUES (1865, '诸丹珠', '4297f44b13955235245b2497399d7a93', '男', 14179580731, '新加坡爱德华小区', '曾经有一份美好的爱情摆在了我的眼前');
INSERT INTO `user` VALUES (1866, '酆军传', '4297f44b13955235245b2497399d7a93', '男', 15611453180, '新加坡爱德华小区', '曾经有一份美好的爱情摆在了我的眼前');
INSERT INTO `user` VALUES (1867, '戚晓逸', '4297f44b13955235245b2497399d7a93', '男', 13255361719, '新加坡爱德华小区', '曾经有一份美好的爱情摆在了我的眼前');
INSERT INTO `user` VALUES (1868, '窦铭麒', '4297f44b13955235245b2497399d7a93', '男', 19075450865, '新加坡爱德华小区', '曾经有一份美好的爱情摆在了我的眼前');
INSERT INTO `user` VALUES (1869, '穆炜永', '4297f44b13955235245b2497399d7a93', '男', 15237166837, '新加坡爱德华小区', '曾经有一份美好的爱情摆在了我的眼前');
INSERT INTO `user` VALUES (1870, '贺安吉', '4297f44b13955235245b2497399d7a93', '男', 15486562177, '新加坡爱德华小区', '曾经有一份美好的爱情摆在了我的眼前');
INSERT INTO `user` VALUES (1871, '田枫标', '4297f44b13955235245b2497399d7a93', '男', 14047708961, '新加坡爱德华小区', '曾经有一份美好的爱情摆在了我的眼前');
INSERT INTO `user` VALUES (1872, '江钧泉', '4297f44b13955235245b2497399d7a93', '男', 17136146389, '新加坡爱德华小区', '曾经有一份美好的爱情摆在了我的眼前');
INSERT INTO `user` VALUES (1873, '昌曼为', '4297f44b13955235245b2497399d7a93', '男', 16222684140, '新加坡爱德华小区', '曾经有一份美好的爱情摆在了我的眼前');
INSERT INTO `user` VALUES (1874, '尤岩怡', '4297f44b13955235245b2497399d7a93', '男', 13375572561, '新加坡爱德华小区', '曾经有一份美好的爱情摆在了我的眼前');
INSERT INTO `user` VALUES (1875, '萧凡城', '4297f44b13955235245b2497399d7a93', '男', 13857320099, '新加坡爱德华小区', '曾经有一份美好的爱情摆在了我的眼前');
INSERT INTO `user` VALUES (1876, '朱美一', '4297f44b13955235245b2497399d7a93', '男', 19283051387, '新加坡爱德华小区', '曾经有一份美好的爱情摆在了我的眼前');
INSERT INTO `user` VALUES (1877, '廉舒万', '4297f44b13955235245b2497399d7a93', '男', 13172050588, '新加坡爱德华小区', '曾经有一份美好的爱情摆在了我的眼前');
INSERT INTO `user` VALUES (1878, '盛栋克', '4297f44b13955235245b2497399d7a93', '男', 14993169292, '新加坡爱德华小区', '曾经有一份美好的爱情摆在了我的眼前');
INSERT INTO `user` VALUES (1879, '戴民远', '4297f44b13955235245b2497399d7a93', '男', 14116451606, '新加坡爱德华小区', '曾经有一份美好的爱情摆在了我的眼前');
INSERT INTO `user` VALUES (1880, '龚琳辉', '4297f44b13955235245b2497399d7a93', '男', 15426018920, '新加坡爱德华小区', '曾经有一份美好的爱情摆在了我的眼前');
INSERT INTO `user` VALUES (1881, '魏哲妍', '4297f44b13955235245b2497399d7a93', '男', 16080204795, '新加坡爱德华小区', '曾经有一份美好的爱情摆在了我的眼前');
INSERT INTO `user` VALUES (1882, '窦之翔', '4297f44b13955235245b2497399d7a93', '男', 14779513130, '新加坡爱德华小区', '曾经有一份美好的爱情摆在了我的眼前');
INSERT INTO `user` VALUES (1883, '黄群威', '4297f44b13955235245b2497399d7a93', '男', 14292140370, '新加坡爱德华小区', '曾经有一份美好的爱情摆在了我的眼前');
INSERT INTO `user` VALUES (1884, '郑康彦', '4297f44b13955235245b2497399d7a93', '男', 15485393573, '新加坡爱德华小区', '曾经有一份美好的爱情摆在了我的眼前');
INSERT INTO `user` VALUES (1885, '席华仪', '4297f44b13955235245b2497399d7a93', '男', 13965448049, '新加坡爱德华小区', '曾经有一份美好的爱情摆在了我的眼前');
INSERT INTO `user` VALUES (1886, '姚孝民', '4297f44b13955235245b2497399d7a93', '男', 13085273031, '新加坡爱德华小区', '曾经有一份美好的爱情摆在了我的眼前');
INSERT INTO `user` VALUES (1887, '俞广礼', '4297f44b13955235245b2497399d7a93', '男', 14173882789, '新加坡爱德华小区', '曾经有一份美好的爱情摆在了我的眼前');
INSERT INTO `user` VALUES (1888, '邬田佳', '4297f44b13955235245b2497399d7a93', '男', 16755805227, '新加坡爱德华小区', '曾经有一份美好的爱情摆在了我的眼前');
INSERT INTO `user` VALUES (1889, '茅洋鑫', '4297f44b13955235245b2497399d7a93', '男', 14559230897, '新加坡爱德华小区', '曾经有一份美好的爱情摆在了我的眼前');
INSERT INTO `user` VALUES (1890, '卜可世', '4297f44b13955235245b2497399d7a93', '男', 18204940825, '新加坡爱德华小区', '曾经有一份美好的爱情摆在了我的眼前');
INSERT INTO `user` VALUES (1891, '余桂达', '4297f44b13955235245b2497399d7a93', '男', 18394648012, '新加坡爱德华小区', '曾经有一份美好的爱情摆在了我的眼前');
INSERT INTO `user` VALUES (1892, '方坚田', '4297f44b13955235245b2497399d7a93', '男', 13305235049, '新加坡爱德华小区', '曾经有一份美好的爱情摆在了我的眼前');
INSERT INTO `user` VALUES (1893, '窦亮杨', '4297f44b13955235245b2497399d7a93', '男', 15322269590, '新加坡爱德华小区', '曾经有一份美好的爱情摆在了我的眼前');
INSERT INTO `user` VALUES (1894, '席欣骏', '4297f44b13955235245b2497399d7a93', '男', 15175567225, '新加坡爱德华小区', '曾经有一份美好的爱情摆在了我的眼前');
INSERT INTO `user` VALUES (1895, '姜炜洪', '4297f44b13955235245b2497399d7a93', '男', 16650185183, '新加坡爱德华小区', '曾经有一份美好的爱情摆在了我的眼前');
INSERT INTO `user` VALUES (1896, '金朝雪', '4297f44b13955235245b2497399d7a93', '男', 17360347345, '新加坡爱德华小区', '曾经有一份美好的爱情摆在了我的眼前');
INSERT INTO `user` VALUES (1897, '贝楚卫', '4297f44b13955235245b2497399d7a93', '男', 16517373357, '新加坡爱德华小区', '曾经有一份美好的爱情摆在了我的眼前');
INSERT INTO `user` VALUES (1898, '乐怀标', '4297f44b13955235245b2497399d7a93', '男', 15561335040, '新加坡爱德华小区', '曾经有一份美好的爱情摆在了我的眼前');
INSERT INTO `user` VALUES (1899, '钮英臣', '4297f44b13955235245b2497399d7a93', '男', 13247497122, '新加坡爱德华小区', '曾经有一份美好的爱情摆在了我的眼前');
INSERT INTO `user` VALUES (1900, '钱礼锡', '4297f44b13955235245b2497399d7a93', '男', 19653877923, '新加坡爱德华小区', '曾经有一份美好的爱情摆在了我的眼前');
INSERT INTO `user` VALUES (1901, '薛善碧', '4297f44b13955235245b2497399d7a93', '男', 17328174893, '新加坡爱德华小区', '曾经有一份美好的爱情摆在了我的眼前');
INSERT INTO `user` VALUES (1902, '方全芳', '4297f44b13955235245b2497399d7a93', '男', 15165669681, '新加坡爱德华小区', '曾经有一份美好的爱情摆在了我的眼前');
INSERT INTO `user` VALUES (1903, '尤妮昊', '4297f44b13955235245b2497399d7a93', '男', 16616319251, '新加坡爱德华小区', '曾经有一份美好的爱情摆在了我的眼前');
INSERT INTO `user` VALUES (1904, '孔同怀', '4297f44b13955235245b2497399d7a93', '男', 18813201625, '新加坡爱德华小区', '曾经有一份美好的爱情摆在了我的眼前');
INSERT INTO `user` VALUES (1905, '汪昌西', '4297f44b13955235245b2497399d7a93', '男', 18706857485, '新加坡爱德华小区', '曾经有一份美好的爱情摆在了我的眼前');
INSERT INTO `user` VALUES (1906, '丁欣凤', '4297f44b13955235245b2497399d7a93', '男', 13006833798, '新加坡爱德华小区', '曾经有一份美好的爱情摆在了我的眼前');
INSERT INTO `user` VALUES (1907, '粱礼运', '4297f44b13955235245b2497399d7a93', '男', 13313521306, '新加坡爱德华小区', '曾经有一份美好的爱情摆在了我的眼前');
INSERT INTO `user` VALUES (1908, '窦振镇', '4297f44b13955235245b2497399d7a93', '男', 19783351681, '新加坡爱德华小区', '曾经有一份美好的爱情摆在了我的眼前');
INSERT INTO `user` VALUES (1909, '卫梦逸', '4297f44b13955235245b2497399d7a93', '男', 15258091235, '新加坡爱德华小区', '曾经有一份美好的爱情摆在了我的眼前');
INSERT INTO `user` VALUES (1910, '茅奇佩', '4297f44b13955235245b2497399d7a93', '男', 17330151891, '新加坡爱德华小区', '曾经有一份美好的爱情摆在了我的眼前');
INSERT INTO `user` VALUES (1911, '奚斌斌', '4297f44b13955235245b2497399d7a93', '男', 16257907714, '新加坡爱德华小区', '曾经有一份美好的爱情摆在了我的眼前');
INSERT INTO `user` VALUES (1912, '苏楠男', '4297f44b13955235245b2497399d7a93', '男', 18187006319, '新加坡爱德华小区', '曾经有一份美好的爱情摆在了我的眼前');
INSERT INTO `user` VALUES (1913, '水和怀', '4297f44b13955235245b2497399d7a93', '男', 18162784026, '新加坡爱德华小区', '曾经有一份美好的爱情摆在了我的眼前');
INSERT INTO `user` VALUES (1914, '韩蔚旭', '4297f44b13955235245b2497399d7a93', '男', 13663940868, '新加坡爱德华小区', '曾经有一份美好的爱情摆在了我的眼前');
INSERT INTO `user` VALUES (1915, '云中彤', '4297f44b13955235245b2497399d7a93', '男', 16756299817, '新加坡爱德华小区', '曾经有一份美好的爱情摆在了我的眼前');
INSERT INTO `user` VALUES (1916, '纪静冰', '4297f44b13955235245b2497399d7a93', '男', 14204638021, '新加坡爱德华小区', '曾经有一份美好的爱情摆在了我的眼前');
INSERT INTO `user` VALUES (1917, '余宪乐', '4297f44b13955235245b2497399d7a93', '男', 15060263484, '新加坡爱德华小区', '曾经有一份美好的爱情摆在了我的眼前');
INSERT INTO `user` VALUES (1918, '伍鹏锋', '4297f44b13955235245b2497399d7a93', '男', 13161638707, '新加坡爱德华小区', '曾经有一份美好的爱情摆在了我的眼前');
INSERT INTO `user` VALUES (1919, '和生睿', '4297f44b13955235245b2497399d7a93', '男', 14773103966, '新加坡爱德华小区', '曾经有一份美好的爱情摆在了我的眼前');
INSERT INTO `user` VALUES (1920, '时淇一', '4297f44b13955235245b2497399d7a93', '男', 17050182109, '新加坡爱德华小区', '曾经有一份美好的爱情摆在了我的眼前');
INSERT INTO `user` VALUES (1921, '周伊冬', '4297f44b13955235245b2497399d7a93', '男', 14154385929, '新加坡爱德华小区', '曾经有一份美好的爱情摆在了我的眼前');
INSERT INTO `user` VALUES (1922, '施世继', '4297f44b13955235245b2497399d7a93', '男', 13525030646, '新加坡爱德华小区', '曾经有一份美好的爱情摆在了我的眼前');
INSERT INTO `user` VALUES (1923, '滕雷秋', '4297f44b13955235245b2497399d7a93', '男', 17904459947, '新加坡爱德华小区', '曾经有一份美好的爱情摆在了我的眼前');
INSERT INTO `user` VALUES (1924, '尤坤满', '4297f44b13955235245b2497399d7a93', '男', 17496013603, '新加坡爱德华小区', '曾经有一份美好的爱情摆在了我的眼前');
INSERT INTO `user` VALUES (1925, '窦吉岚', '4297f44b13955235245b2497399d7a93', '男', 16836335920, '新加坡爱德华小区', '曾经有一份美好的爱情摆在了我的眼前');
INSERT INTO `user` VALUES (1926, '吕忠紫', '4297f44b13955235245b2497399d7a93', '男', 18064214999, '新加坡爱德华小区', '曾经有一份美好的爱情摆在了我的眼前');
INSERT INTO `user` VALUES (1927, '贝延承', '4297f44b13955235245b2497399d7a93', '男', 14487533907, '新加坡爱德华小区', '曾经有一份美好的爱情摆在了我的眼前');
INSERT INTO `user` VALUES (1928, '郁元有', '4297f44b13955235245b2497399d7a93', '男', 14508306963, '新加坡爱德华小区', '曾经有一份美好的爱情摆在了我的眼前');
INSERT INTO `user` VALUES (1929, '谢彦昌', '4297f44b13955235245b2497399d7a93', '男', 15282069891, '新加坡爱德华小区', '曾经有一份美好的爱情摆在了我的眼前');
INSERT INTO `user` VALUES (1930, '徐健曼', '4297f44b13955235245b2497399d7a93', '男', 17534534877, '新加坡爱德华小区', '曾经有一份美好的爱情摆在了我的眼前');
INSERT INTO `user` VALUES (1931, '花厚绍', '4297f44b13955235245b2497399d7a93', '男', 14895998868, '新加坡爱德华小区', '曾经有一份美好的爱情摆在了我的眼前');
INSERT INTO `user` VALUES (1932, '贲蕾艳', '4297f44b13955235245b2497399d7a93', '男', 15706394327, '新加坡爱德华小区', '曾经有一份美好的爱情摆在了我的眼前');
INSERT INTO `user` VALUES (1933, '高舒茜', '4297f44b13955235245b2497399d7a93', '男', 15203945775, '新加坡爱德华小区', '曾经有一份美好的爱情摆在了我的眼前');
INSERT INTO `user` VALUES (1934, '薛刚冬', '4297f44b13955235245b2497399d7a93', '男', 15166235409, '新加坡爱德华小区', '曾经有一份美好的爱情摆在了我的眼前');
INSERT INTO `user` VALUES (1935, '左希淇', '4297f44b13955235245b2497399d7a93', '男', 15638443838, '新加坡爱德华小区', '曾经有一份美好的爱情摆在了我的眼前');
INSERT INTO `user` VALUES (1936, '康惠劲', '4297f44b13955235245b2497399d7a93', '男', 16309494984, '新加坡爱德华小区', '曾经有一份美好的爱情摆在了我的眼前');
INSERT INTO `user` VALUES (1937, '余富西', '4297f44b13955235245b2497399d7a93', '男', 13363287406, '新加坡爱德华小区', '曾经有一份美好的爱情摆在了我的眼前');
INSERT INTO `user` VALUES (1938, '谈玲男', '4297f44b13955235245b2497399d7a93', '男', 19641680980, '新加坡爱德华小区', '曾经有一份美好的爱情摆在了我的眼前');
INSERT INTO `user` VALUES (1939, '窦亮灿', '4297f44b13955235245b2497399d7a93', '男', 15200644613, '新加坡爱德华小区', '曾经有一份美好的爱情摆在了我的眼前');
INSERT INTO `user` VALUES (1940, '姜贤寿', '4297f44b13955235245b2497399d7a93', '男', 16022364333, '新加坡爱德华小区', '曾经有一份美好的爱情摆在了我的眼前');
INSERT INTO `user` VALUES (1941, '钱芬灵', '4297f44b13955235245b2497399d7a93', '男', 16230788376, '新加坡爱德华小区', '曾经有一份美好的爱情摆在了我的眼前');
INSERT INTO `user` VALUES (1942, '沈昊春', '4297f44b13955235245b2497399d7a93', '男', 17978360028, '新加坡爱德华小区', '曾经有一份美好的爱情摆在了我的眼前');
INSERT INTO `user` VALUES (1943, '毛乃基', '4297f44b13955235245b2497399d7a93', '男', 14999505021, '新加坡爱德华小区', '曾经有一份美好的爱情摆在了我的眼前');
INSERT INTO `user` VALUES (1944, '岑月百', '4297f44b13955235245b2497399d7a93', '男', 14528457679, '新加坡爱德华小区', '曾经有一份美好的爱情摆在了我的眼前');
INSERT INTO `user` VALUES (1945, '鲍永武', '4297f44b13955235245b2497399d7a93', '男', 13595394618, '新加坡爱德华小区', '曾经有一份美好的爱情摆在了我的眼前');
INSERT INTO `user` VALUES (1946, '骆龙炳', '4297f44b13955235245b2497399d7a93', '男', 14791883939, '新加坡爱德华小区', '曾经有一份美好的爱情摆在了我的眼前');
INSERT INTO `user` VALUES (1947, '傅乃善', '4297f44b13955235245b2497399d7a93', '男', 18347956586, '新加坡爱德华小区', '曾经有一份美好的爱情摆在了我的眼前');
INSERT INTO `user` VALUES (1948, '杨兆湘', '4297f44b13955235245b2497399d7a93', '男', 19808206246, '新加坡爱德华小区', '曾经有一份美好的爱情摆在了我的眼前');
INSERT INTO `user` VALUES (1949, '包有丽', '4297f44b13955235245b2497399d7a93', '男', 19550800135, '新加坡爱德华小区', '曾经有一份美好的爱情摆在了我的眼前');
INSERT INTO `user` VALUES (1950, '麻怡斌', '4297f44b13955235245b2497399d7a93', '男', 16036120452, '新加坡爱德华小区', '曾经有一份美好的爱情摆在了我的眼前');
INSERT INTO `user` VALUES (1951, '范宝镇', '4297f44b13955235245b2497399d7a93', '男', 18433272920, '新加坡爱德华小区', '曾经有一份美好的爱情摆在了我的眼前');
INSERT INTO `user` VALUES (1952, '姚炜明', '4297f44b13955235245b2497399d7a93', '男', 13300324796, '新加坡爱德华小区', '曾经有一份美好的爱情摆在了我的眼前');
INSERT INTO `user` VALUES (1953, '酆黎皓', '4297f44b13955235245b2497399d7a93', '男', 19693793811, '新加坡爱德华小区', '曾经有一份美好的爱情摆在了我的眼前');
INSERT INTO `user` VALUES (1954, '齐龙劲', '4297f44b13955235245b2497399d7a93', '男', 15366984203, '新加坡爱德华小区', '曾经有一份美好的爱情摆在了我的眼前');
INSERT INTO `user` VALUES (1955, '宣祖同', '4297f44b13955235245b2497399d7a93', '男', 17709842230, '新加坡爱德华小区', '曾经有一份美好的爱情摆在了我的眼前');
INSERT INTO `user` VALUES (1956, '任臣芬', '4297f44b13955235245b2497399d7a93', '男', 13840166820, '新加坡爱德华小区', '曾经有一份美好的爱情摆在了我的眼前');
INSERT INTO `user` VALUES (1957, '郁斌江', '4297f44b13955235245b2497399d7a93', '男', 13754435330, '新加坡爱德华小区', '曾经有一份美好的爱情摆在了我的眼前');
INSERT INTO `user` VALUES (1958, '郝扬士', '4297f44b13955235245b2497399d7a93', '男', 19631612898, '新加坡爱德华小区', '曾经有一份美好的爱情摆在了我的眼前');
INSERT INTO `user` VALUES (1959, '吕昊倩', '4297f44b13955235245b2497399d7a93', '男', 14301277743, '新加坡爱德华小区', '曾经有一份美好的爱情摆在了我的眼前');
INSERT INTO `user` VALUES (1960, '钮一奇', '4297f44b13955235245b2497399d7a93', '男', 16902774440, '新加坡爱德华小区', '曾经有一份美好的爱情摆在了我的眼前');
INSERT INTO `user` VALUES (1961, '常佳咏', '4297f44b13955235245b2497399d7a93', '男', 15381845333, '新加坡爱德华小区', '曾经有一份美好的爱情摆在了我的眼前');
INSERT INTO `user` VALUES (1962, '郑东建', '4297f44b13955235245b2497399d7a93', '男', 15847716509, '新加坡爱德华小区', '曾经有一份美好的爱情摆在了我的眼前');
INSERT INTO `user` VALUES (1963, '酆林跃', '4297f44b13955235245b2497399d7a93', '男', 13593472782, '新加坡爱德华小区', '曾经有一份美好的爱情摆在了我的眼前');
INSERT INTO `user` VALUES (1964, '骆庆轩', '4297f44b13955235245b2497399d7a93', '男', 15377279754, '新加坡爱德华小区', '曾经有一份美好的爱情摆在了我的眼前');
INSERT INTO `user` VALUES (1965, '包定炳', '4297f44b13955235245b2497399d7a93', '男', 16273789140, '新加坡爱德华小区', '曾经有一份美好的爱情摆在了我的眼前');
INSERT INTO `user` VALUES (1966, '雷儿恒', '4297f44b13955235245b2497399d7a93', '男', 14160040035, '新加坡爱德华小区', '曾经有一份美好的爱情摆在了我的眼前');
INSERT INTO `user` VALUES (1967, '皮沛根', '4297f44b13955235245b2497399d7a93', '男', 13528328370, '新加坡爱德华小区', '曾经有一份美好的爱情摆在了我的眼前');
INSERT INTO `user` VALUES (1968, '安炳仁', '4297f44b13955235245b2497399d7a93', '男', 14394656235, '新加坡爱德华小区', '曾经有一份美好的爱情摆在了我的眼前');
INSERT INTO `user` VALUES (1969, '汪勋萍', '4297f44b13955235245b2497399d7a93', '男', 14734191416, '新加坡爱德华小区', '曾经有一份美好的爱情摆在了我的眼前');
INSERT INTO `user` VALUES (1970, '贺逸志', '4297f44b13955235245b2497399d7a93', '男', 15030911913, '新加坡爱德华小区', '曾经有一份美好的爱情摆在了我的眼前');
INSERT INTO `user` VALUES (1971, '穆向定', '4297f44b13955235245b2497399d7a93', '男', 13186595546, '新加坡爱德华小区', '曾经有一份美好的爱情摆在了我的眼前');
INSERT INTO `user` VALUES (1972, '田勋云', '4297f44b13955235245b2497399d7a93', '男', 13716873659, '新加坡爱德华小区', '曾经有一份美好的爱情摆在了我的眼前');
INSERT INTO `user` VALUES (1973, '狄延翰', '4297f44b13955235245b2497399d7a93', '男', 15045967838, '新加坡爱德华小区', '曾经有一份美好的爱情摆在了我的眼前');
INSERT INTO `user` VALUES (1974, '岑化民', '4297f44b13955235245b2497399d7a93', '男', 16602300762, '新加坡爱德华小区', '曾经有一份美好的爱情摆在了我的眼前');
INSERT INTO `user` VALUES (1975, '石耀冠', '4297f44b13955235245b2497399d7a93', '男', 14223478082, '新加坡爱德华小区', '曾经有一份美好的爱情摆在了我的眼前');
INSERT INTO `user` VALUES (1976, '危妍圣', '4297f44b13955235245b2497399d7a93', '男', 17271124576, '新加坡爱德华小区', '曾经有一份美好的爱情摆在了我的眼前');
INSERT INTO `user` VALUES (1977, '石振道', '4297f44b13955235245b2497399d7a93', '男', 15603614013, '新加坡爱德华小区', '曾经有一份美好的爱情摆在了我的眼前');
INSERT INTO `user` VALUES (1978, '卫保维', '4297f44b13955235245b2497399d7a93', '男', 14447435328, '新加坡爱德华小区', '曾经有一份美好的爱情摆在了我的眼前');
INSERT INTO `user` VALUES (1979, '季卫枫', '4297f44b13955235245b2497399d7a93', '男', 19288941735, '新加坡爱德华小区', '曾经有一份美好的爱情摆在了我的眼前');
INSERT INTO `user` VALUES (1980, '明志才', '4297f44b13955235245b2497399d7a93', '男', 13462313189, '新加坡爱德华小区', '曾经有一份美好的爱情摆在了我的眼前');
INSERT INTO `user` VALUES (1981, '窦琳湘', '4297f44b13955235245b2497399d7a93', '男', 14699150727, '新加坡爱德华小区', '曾经有一份美好的爱情摆在了我的眼前');
INSERT INTO `user` VALUES (1982, '莫继岩', '4297f44b13955235245b2497399d7a93', '男', 15905256237, '新加坡爱德华小区', '曾经有一份美好的爱情摆在了我的眼前');
INSERT INTO `user` VALUES (1983, '闵燕帆', '4297f44b13955235245b2497399d7a93', '男', 16359361658, '新加坡爱德华小区', '曾经有一份美好的爱情摆在了我的眼前');
INSERT INTO `user` VALUES (1984, '阮炜彪', '4297f44b13955235245b2497399d7a93', '男', 13081217916, '新加坡爱德华小区', '曾经有一份美好的爱情摆在了我的眼前');
INSERT INTO `user` VALUES (1985, '柏越文', '4297f44b13955235245b2497399d7a93', '男', 15471582106, '新加坡爱德华小区', '曾经有一份美好的爱情摆在了我的眼前');
INSERT INTO `user` VALUES (1986, '祝美彦', '4297f44b13955235245b2497399d7a93', '男', 14847691522, '新加坡爱德华小区', '曾经有一份美好的爱情摆在了我的眼前');
INSERT INTO `user` VALUES (1987, '席菲基', '4297f44b13955235245b2497399d7a93', '男', 19750581976, '新加坡爱德华小区', '曾经有一份美好的爱情摆在了我的眼前');
INSERT INTO `user` VALUES (1988, '柯志吉', '4297f44b13955235245b2497399d7a93', '男', 18119413470, '新加坡爱德华小区', '曾经有一份美好的爱情摆在了我的眼前');
INSERT INTO `user` VALUES (1989, '龚岳胜', '4297f44b13955235245b2497399d7a93', '男', 14743485782, '新加坡爱德华小区', '曾经有一份美好的爱情摆在了我的眼前');
INSERT INTO `user` VALUES (1990, '云然皓', '4297f44b13955235245b2497399d7a93', '男', 15624093149, '新加坡爱德华小区', '曾经有一份美好的爱情摆在了我的眼前');
INSERT INTO `user` VALUES (1991, '廉淇义', '4297f44b13955235245b2497399d7a93', '男', 13870388215, '新加坡爱德华小区', '曾经有一份美好的爱情摆在了我的眼前');
INSERT INTO `user` VALUES (1992, '魏庆远', '4297f44b13955235245b2497399d7a93', '男', 17168020067, '新加坡爱德华小区', '曾经有一份美好的爱情摆在了我的眼前');
INSERT INTO `user` VALUES (1993, '乐洁瑜', '4297f44b13955235245b2497399d7a93', '男', 15325301660, '新加坡爱德华小区', '曾经有一份美好的爱情摆在了我的眼前');
INSERT INTO `user` VALUES (1994, '裘君同', '4297f44b13955235245b2497399d7a93', '男', 17991110613, '新加坡爱德华小区', '曾经有一份美好的爱情摆在了我的眼前');
INSERT INTO `user` VALUES (1995, '堪玮珠', '4297f44b13955235245b2497399d7a93', '男', 18839889327, '新加坡爱德华小区', '曾经有一份美好的爱情摆在了我的眼前');
INSERT INTO `user` VALUES (1996, '庞谦春', '4297f44b13955235245b2497399d7a93', '男', 19996917311, '新加坡爱德华小区', '曾经有一份美好的爱情摆在了我的眼前');
INSERT INTO `user` VALUES (1997, '郑俊乃', '4297f44b13955235245b2497399d7a93', '男', 18359965037, '新加坡爱德华小区', '曾经有一份美好的爱情摆在了我的眼前');
INSERT INTO `user` VALUES (1998, '尤富镇', '4297f44b13955235245b2497399d7a93', '男', 19697562123, '新加坡爱德华小区', '曾经有一份美好的爱情摆在了我的眼前');
INSERT INTO `user` VALUES (1999, '闵雨羽', '4297f44b13955235245b2497399d7a93', '男', 15432665592, '新加坡爱德华小区', '曾经有一份美好的爱情摆在了我的眼前');
INSERT INTO `user` VALUES (2000, '袁广政', '4297f44b13955235245b2497399d7a93', '男', 13674190737, '新加坡爱德华小区', '曾经有一份美好的爱情摆在了我的眼前');
INSERT INTO `user` VALUES (2001, '郎智根', '4297f44b13955235245b2497399d7a93', '男', 15293635945, '新加坡爱德华小区', '曾经有一份美好的爱情摆在了我的眼前');
INSERT INTO `user` VALUES (2002, '明国传', '4297f44b13955235245b2497399d7a93', '男', 17284707777, '新加坡爱德华小区', '曾经有一份美好的爱情摆在了我的眼前');
INSERT INTO `user` VALUES (2003, '曹晋琦', '4297f44b13955235245b2497399d7a93', '男', 15590474935, '新加坡爱德华小区', '曾经有一份美好的爱情摆在了我的眼前');
INSERT INTO `user` VALUES (2004, '喻新跃', '4297f44b13955235245b2497399d7a93', '男', 19766578211, '新加坡爱德华小区', '曾经有一份美好的爱情摆在了我的眼前');
INSERT INTO `user` VALUES (2005, '郭芳金', '4297f44b13955235245b2497399d7a93', '男', 14217490000, '新加坡爱德华小区', '曾经有一份美好的爱情摆在了我的眼前');
INSERT INTO `user` VALUES (2006, '余羽诗', '4297f44b13955235245b2497399d7a93', '男', 19519283761, '新加坡爱德华小区', '曾经有一份美好的爱情摆在了我的眼前');
INSERT INTO `user` VALUES (2007, '谈哲枫', '4297f44b13955235245b2497399d7a93', '男', 18093516212, '新加坡爱德华小区', '曾经有一份美好的爱情摆在了我的眼前');
INSERT INTO `user` VALUES (2008, '贾继雷', '4297f44b13955235245b2497399d7a93', '男', 13750497865, '新加坡爱德华小区', '曾经有一份美好的爱情摆在了我的眼前');
INSERT INTO `user` VALUES (2009, '尹兵少', '4297f44b13955235245b2497399d7a93', '男', 18259949336, '新加坡爱德华小区', '曾经有一份美好的爱情摆在了我的眼前');
INSERT INTO `user` VALUES (2010, '林林依', '4297f44b13955235245b2497399d7a93', '男', 16054327279, '新加坡爱德华小区', '曾经有一份美好的爱情摆在了我的眼前');
INSERT INTO `user` VALUES (2011, '奚志惠', '4297f44b13955235245b2497399d7a93', '男', 14965086253, '新加坡爱德华小区', '曾经有一份美好的爱情摆在了我的眼前');
INSERT INTO `user` VALUES (2012, '汤儿楚', '4297f44b13955235245b2497399d7a93', '男', 15300732601, '新加坡爱德华小区', '曾经有一份美好的爱情摆在了我的眼前');
INSERT INTO `user` VALUES (2013, '江双纯', '4297f44b13955235245b2497399d7a93', '男', 13064665802, '新加坡爱德华小区', '曾经有一份美好的爱情摆在了我的眼前');
INSERT INTO `user` VALUES (2014, '崔黎征', '4297f44b13955235245b2497399d7a93', '男', 14304074768, '新加坡爱德华小区', '曾经有一份美好的爱情摆在了我的眼前');
INSERT INTO `user` VALUES (2015, '朱勋康', '4297f44b13955235245b2497399d7a93', '男', 15796530932, '新加坡爱德华小区', '曾经有一份美好的爱情摆在了我的眼前');
INSERT INTO `user` VALUES (2016, '谢若儿', '4297f44b13955235245b2497399d7a93', '男', 16992995217, '新加坡爱德华小区', '曾经有一份美好的爱情摆在了我的眼前');
INSERT INTO `user` VALUES (2017, '蔡一淇', '4297f44b13955235245b2497399d7a93', '男', 14110966849, '新加坡爱德华小区', '曾经有一份美好的爱情摆在了我的眼前');
INSERT INTO `user` VALUES (2018, '严才行', '4297f44b13955235245b2497399d7a93', '男', 19378302631, '新加坡爱德华小区', '曾经有一份美好的爱情摆在了我的眼前');
INSERT INTO `user` VALUES (2019, '虞一坤', '4297f44b13955235245b2497399d7a93', '男', 19031474664, '新加坡爱德华小区', '曾经有一份美好的爱情摆在了我的眼前');
INSERT INTO `user` VALUES (2020, '魏咏娟', '4297f44b13955235245b2497399d7a93', '男', 14497629056, '新加坡爱德华小区', '曾经有一份美好的爱情摆在了我的眼前');
INSERT INTO `user` VALUES (2021, '高君耀', '4297f44b13955235245b2497399d7a93', '男', 15354552197, '新加坡爱德华小区', '曾经有一份美好的爱情摆在了我的眼前');
INSERT INTO `user` VALUES (2022, '孙文建', '4297f44b13955235245b2497399d7a93', '男', 13040668632, '新加坡爱德华小区', '曾经有一份美好的爱情摆在了我的眼前');
INSERT INTO `user` VALUES (2023, '陶靖倩', '4297f44b13955235245b2497399d7a93', '男', 13830087303, '新加坡爱德华小区', '曾经有一份美好的爱情摆在了我的眼前');
INSERT INTO `user` VALUES (2024, '丁云铁', '4297f44b13955235245b2497399d7a93', '男', 18496333381, '新加坡爱德华小区', '曾经有一份美好的爱情摆在了我的眼前');
INSERT INTO `user` VALUES (2025, '邱和晋', '4297f44b13955235245b2497399d7a93', '男', 13380560865, '新加坡爱德华小区', '曾经有一份美好的爱情摆在了我的眼前');
INSERT INTO `user` VALUES (2026, '宋珊诚', '4297f44b13955235245b2497399d7a93', '男', 15718303419, '新加坡爱德华小区', '曾经有一份美好的爱情摆在了我的眼前');
INSERT INTO `user` VALUES (2027, '宋露可', '4297f44b13955235245b2497399d7a93', '男', 14021290996, '新加坡爱德华小区', '曾经有一份美好的爱情摆在了我的眼前');
INSERT INTO `user` VALUES (2028, '宋媛安', '4297f44b13955235245b2497399d7a93', '男', 19856526216, '新加坡爱德华小区', '曾经有一份美好的爱情摆在了我的眼前');
INSERT INTO `user` VALUES (2029, '廉新声', '4297f44b13955235245b2497399d7a93', '男', 15202494901, '新加坡爱德华小区', '曾经有一份美好的爱情摆在了我的眼前');
INSERT INTO `user` VALUES (2030, '曹祥璇', '4297f44b13955235245b2497399d7a93', '男', 17544147403, '新加坡爱德华小区', '曾经有一份美好的爱情摆在了我的眼前');
INSERT INTO `user` VALUES (2031, '柳萍会', '4297f44b13955235245b2497399d7a93', '男', 19411196839, '新加坡爱德华小区', '曾经有一份美好的爱情摆在了我的眼前');
INSERT INTO `user` VALUES (2032, '洪申爱', '4297f44b13955235245b2497399d7a93', '男', 13287556970, '新加坡爱德华小区', '曾经有一份美好的爱情摆在了我的眼前');
INSERT INTO `user` VALUES (2033, '蒋书宇', '4297f44b13955235245b2497399d7a93', '男', 14225737718, '新加坡爱德华小区', '曾经有一份美好的爱情摆在了我的眼前');
INSERT INTO `user` VALUES (2034, '胡恩玮', '4297f44b13955235245b2497399d7a93', '男', 15086828201, '新加坡爱德华小区', '曾经有一份美好的爱情摆在了我的眼前');
INSERT INTO `user` VALUES (2035, '麻铭俊', '4297f44b13955235245b2497399d7a93', '男', 14217369033, '新加坡爱德华小区', '曾经有一份美好的爱情摆在了我的眼前');
INSERT INTO `user` VALUES (2036, '茅彬惠', '4297f44b13955235245b2497399d7a93', '男', 18520108960, '新加坡爱德华小区', '曾经有一份美好的爱情摆在了我的眼前');
INSERT INTO `user` VALUES (2037, '李钧申', '4297f44b13955235245b2497399d7a93', '男', 14340078939, '新加坡爱德华小区', '曾经有一份美好的爱情摆在了我的眼前');
INSERT INTO `user` VALUES (2038, '许劲家', '4297f44b13955235245b2497399d7a93', '男', 16229995650, '新加坡爱德华小区', '曾经有一份美好的爱情摆在了我的眼前');
INSERT INTO `user` VALUES (2039, '吕舒光', '4297f44b13955235245b2497399d7a93', '男', 18604440058, '新加坡爱德华小区', '曾经有一份美好的爱情摆在了我的眼前');
INSERT INTO `user` VALUES (2040, '郝浩夫', '4297f44b13955235245b2497399d7a93', '男', 14660180637, '新加坡爱德华小区', '曾经有一份美好的爱情摆在了我的眼前');
INSERT INTO `user` VALUES (2041, '梅泰百', '4297f44b13955235245b2497399d7a93', '男', 15887543699, '新加坡爱德华小区', '曾经有一份美好的爱情摆在了我的眼前');
INSERT INTO `user` VALUES (2042, '穆美朝', '4297f44b13955235245b2497399d7a93', '男', 17703099879, '新加坡爱德华小区', '曾经有一份美好的爱情摆在了我的眼前');
INSERT INTO `user` VALUES (2043, '郎汉珠', '4297f44b13955235245b2497399d7a93', '男', 15399240591, '新加坡爱德华小区', '曾经有一份美好的爱情摆在了我的眼前');
INSERT INTO `user` VALUES (2044, '花青继', '4297f44b13955235245b2497399d7a93', '男', 13026638927, '新加坡爱德华小区', '曾经有一份美好的爱情摆在了我的眼前');
INSERT INTO `user` VALUES (2045, '邱兰娜', '4297f44b13955235245b2497399d7a93', '男', 13276992863, '新加坡爱德华小区', '曾经有一份美好的爱情摆在了我的眼前');
INSERT INTO `user` VALUES (2046, '汤小振', '4297f44b13955235245b2497399d7a93', '男', 15091251725, '新加坡爱德华小区', '曾经有一份美好的爱情摆在了我的眼前');
INSERT INTO `user` VALUES (2047, '粱永乐', '4297f44b13955235245b2497399d7a93', '男', 15287067039, '新加坡爱德华小区', '曾经有一份美好的爱情摆在了我的眼前');
INSERT INTO `user` VALUES (2048, '伍向非', '4297f44b13955235245b2497399d7a93', '男', 13249751385, '新加坡爱德华小区', '曾经有一份美好的爱情摆在了我的眼前');
INSERT INTO `user` VALUES (2049, '王书新', '4297f44b13955235245b2497399d7a93', '男', 17626040968, '新加坡爱德华小区', '曾经有一份美好的爱情摆在了我的眼前');
INSERT INTO `user` VALUES (2050, '卢晖坤', '4297f44b13955235245b2497399d7a93', '男', 17720879974, '新加坡爱德华小区', '曾经有一份美好的爱情摆在了我的眼前');
INSERT INTO `user` VALUES (2051, '罗聪乃', '4297f44b13955235245b2497399d7a93', '男', 13170044849, '新加坡爱德华小区', '曾经有一份美好的爱情摆在了我的眼前');
INSERT INTO `user` VALUES (2052, '董同儿', '4297f44b13955235245b2497399d7a93', '男', 18642357458, '新加坡爱德华小区', '曾经有一份美好的爱情摆在了我的眼前');
INSERT INTO `user` VALUES (2053, '粱力建', '4297f44b13955235245b2497399d7a93', '男', 14156391299, '新加坡爱德华小区', '曾经有一份美好的爱情摆在了我的眼前');
INSERT INTO `user` VALUES (2054, '苗男如', '4297f44b13955235245b2497399d7a93', '男', 13584342032, '新加坡爱德华小区', '曾经有一份美好的爱情摆在了我的眼前');
INSERT INTO `user` VALUES (2055, '江雯根', '4297f44b13955235245b2497399d7a93', '男', 15901449679, '新加坡爱德华小区', '曾经有一份美好的爱情摆在了我的眼前');
INSERT INTO `user` VALUES (2056, '柯其坚', '4297f44b13955235245b2497399d7a93', '男', 19643200963, '新加坡爱德华小区', '曾经有一份美好的爱情摆在了我的眼前');
INSERT INTO `user` VALUES (2057, '张咏宇', '4297f44b13955235245b2497399d7a93', '男', 16669186781, '新加坡爱德华小区', '曾经有一份美好的爱情摆在了我的眼前');
INSERT INTO `user` VALUES (2058, '谢琪善', '4297f44b13955235245b2497399d7a93', '男', 17752706857, '新加坡爱德华小区', '曾经有一份美好的爱情摆在了我的眼前');
INSERT INTO `user` VALUES (2059, '伍民岩', '4297f44b13955235245b2497399d7a93', '男', 13630264182, '新加坡爱德华小区', '曾经有一份美好的爱情摆在了我的眼前');
INSERT INTO `user` VALUES (2060, '杨若政', '4297f44b13955235245b2497399d7a93', '男', 15731940331, '新加坡爱德华小区', '曾经有一份美好的爱情摆在了我的眼前');
INSERT INTO `user` VALUES (2061, '解兵萍', '4297f44b13955235245b2497399d7a93', '男', 19457830689, '新加坡爱德华小区', '曾经有一份美好的爱情摆在了我的眼前');
INSERT INTO `user` VALUES (2062, '廉贵坤', '4297f44b13955235245b2497399d7a93', '男', 13438804029, '新加坡爱德华小区', '曾经有一份美好的爱情摆在了我的眼前');
INSERT INTO `user` VALUES (2063, '杭向麟', '4297f44b13955235245b2497399d7a93', '男', 17983124419, '新加坡爱德华小区', '曾经有一份美好的爱情摆在了我的眼前');
INSERT INTO `user` VALUES (2064, '强鲁之', '4297f44b13955235245b2497399d7a93', '男', 14479176740, '新加坡爱德华小区', '曾经有一份美好的爱情摆在了我的眼前');
INSERT INTO `user` VALUES (2065, '解勇如', '4297f44b13955235245b2497399d7a93', '男', 14886496389, '新加坡爱德华小区', '曾经有一份美好的爱情摆在了我的眼前');
INSERT INTO `user` VALUES (2066, '管佩泰', '4297f44b13955235245b2497399d7a93', '男', 15142263904, '新加坡爱德华小区', '曾经有一份美好的爱情摆在了我的眼前');
INSERT INTO `user` VALUES (2067, '钱逸勇', '4297f44b13955235245b2497399d7a93', '男', 18420674173, '新加坡爱德华小区', '曾经有一份美好的爱情摆在了我的眼前');
INSERT INTO `user` VALUES (2068, '穆超亦', '4297f44b13955235245b2497399d7a93', '男', 18924315067, '新加坡爱德华小区', '曾经有一份美好的爱情摆在了我的眼前');
INSERT INTO `user` VALUES (2069, '许沛凡', '4297f44b13955235245b2497399d7a93', '男', 14140938766, '新加坡爱德华小区', '曾经有一份美好的爱情摆在了我的眼前');
INSERT INTO `user` VALUES (2070, '诸钰宇', '4297f44b13955235245b2497399d7a93', '男', 15276156828, '新加坡爱德华小区', '曾经有一份美好的爱情摆在了我的眼前');
INSERT INTO `user` VALUES (2071, '项茂少', '4297f44b13955235245b2497399d7a93', '男', 15083238985, '新加坡爱德华小区', '曾经有一份美好的爱情摆在了我的眼前');
INSERT INTO `user` VALUES (2072, '计圣银', '4297f44b13955235245b2497399d7a93', '男', 14671432177, '新加坡爱德华小区', '曾经有一份美好的爱情摆在了我的眼前');
INSERT INTO `user` VALUES (2073, '周少向', '4297f44b13955235245b2497399d7a93', '男', 14135425779, '新加坡爱德华小区', '曾经有一份美好的爱情摆在了我的眼前');
INSERT INTO `user` VALUES (2074, '钱逸大', '4297f44b13955235245b2497399d7a93', '男', 18595043032, '新加坡爱德华小区', '曾经有一份美好的爱情摆在了我的眼前');
INSERT INTO `user` VALUES (2075, '韦石杨', '4297f44b13955235245b2497399d7a93', '男', 19780045774, '新加坡爱德华小区', '曾经有一份美好的爱情摆在了我的眼前');
INSERT INTO `user` VALUES (2076, '解庆刚', '4297f44b13955235245b2497399d7a93', '男', 15972098520, '新加坡爱德华小区', '曾经有一份美好的爱情摆在了我的眼前');
INSERT INTO `user` VALUES (2077, '崔明洪', '4297f44b13955235245b2497399d7a93', '男', 15294232988, '新加坡爱德华小区', '曾经有一份美好的爱情摆在了我的眼前');
INSERT INTO `user` VALUES (2078, '计杰晖', '4297f44b13955235245b2497399d7a93', '男', 15773754654, '新加坡爱德华小区', '曾经有一份美好的爱情摆在了我的眼前');
INSERT INTO `user` VALUES (2079, '金博焕', '4297f44b13955235245b2497399d7a93', '男', 15789536737, '新加坡爱德华小区', '曾经有一份美好的爱情摆在了我的眼前');
INSERT INTO `user` VALUES (2080, '张维诗', '4297f44b13955235245b2497399d7a93', '男', 14544344872, '新加坡爱德华小区', '曾经有一份美好的爱情摆在了我的眼前');
INSERT INTO `user` VALUES (2081, '施茜欣', '4297f44b13955235245b2497399d7a93', '男', 17051297882, '新加坡爱德华小区', '曾经有一份美好的爱情摆在了我的眼前');
INSERT INTO `user` VALUES (2082, '盛睿仪', '4297f44b13955235245b2497399d7a93', '男', 14388610620, '新加坡爱德华小区', '曾经有一份美好的爱情摆在了我的眼前');
INSERT INTO `user` VALUES (2083, '滕沛谦', '4297f44b13955235245b2497399d7a93', '男', 13735317466, '新加坡爱德华小区', '曾经有一份美好的爱情摆在了我的眼前');
INSERT INTO `user` VALUES (2084, '明圣睿', '4297f44b13955235245b2497399d7a93', '男', 15160920210, '新加坡爱德华小区', '曾经有一份美好的爱情摆在了我的眼前');
INSERT INTO `user` VALUES (2085, '严长岳', '4297f44b13955235245b2497399d7a93', '男', 18675203705, '新加坡爱德华小区', '曾经有一份美好的爱情摆在了我的眼前');
INSERT INTO `user` VALUES (2086, '虞玉高', '4297f44b13955235245b2497399d7a93', '男', 16821892829, '新加坡爱德华小区', '曾经有一份美好的爱情摆在了我的眼前');
INSERT INTO `user` VALUES (2087, '宗仁晋', '4297f44b13955235245b2497399d7a93', '男', 13217460748, '新加坡爱德华小区', '曾经有一份美好的爱情摆在了我的眼前');
INSERT INTO `user` VALUES (2088, '裘非升', '4297f44b13955235245b2497399d7a93', '男', 17034683593, '新加坡爱德华小区', '曾经有一份美好的爱情摆在了我的眼前');
INSERT INTO `user` VALUES (2089, '经楠菲', '4297f44b13955235245b2497399d7a93', '男', 19315376598, '新加坡爱德华小区', '曾经有一份美好的爱情摆在了我的眼前');
INSERT INTO `user` VALUES (2090, '郭晋汝', '4297f44b13955235245b2497399d7a93', '男', 19752407648, '新加坡爱德华小区', '曾经有一份美好的爱情摆在了我的眼前');
INSERT INTO `user` VALUES (2091, '虞玲宏', '4297f44b13955235245b2497399d7a93', '男', 14164805699, '新加坡爱德华小区', '曾经有一份美好的爱情摆在了我的眼前');
INSERT INTO `user` VALUES (2092, '倪有越', '4297f44b13955235245b2497399d7a93', '男', 17253385736, '新加坡爱德华小区', '曾经有一份美好的爱情摆在了我的眼前');
INSERT INTO `user` VALUES (2093, '胡升臣', '4297f44b13955235245b2497399d7a93', '男', 13696214748, '新加坡爱德华小区', '曾经有一份美好的爱情摆在了我的眼前');
INSERT INTO `user` VALUES (2094, '喻杨如', '4297f44b13955235245b2497399d7a93', '男', 14344057469, '新加坡爱德华小区', '曾经有一份美好的爱情摆在了我的眼前');
INSERT INTO `user` VALUES (2095, '杨源鲁', '4297f44b13955235245b2497399d7a93', '男', 14304620806, '新加坡爱德华小区', '曾经有一份美好的爱情摆在了我的眼前');
INSERT INTO `user` VALUES (2096, '尤其皓', '4297f44b13955235245b2497399d7a93', '男', 13709762318, '新加坡爱德华小区', '曾经有一份美好的爱情摆在了我的眼前');
INSERT INTO `user` VALUES (2097, '酆冠茂', '4297f44b13955235245b2497399d7a93', '男', 19876601988, '新加坡爱德华小区', '曾经有一份美好的爱情摆在了我的眼前');
INSERT INTO `user` VALUES (2098, '姚儿雷', '4297f44b13955235245b2497399d7a93', '男', 19515727177, '新加坡爱德华小区', '曾经有一份美好的爱情摆在了我的眼前');
INSERT INTO `user` VALUES (2099, '顾怡灿', '4297f44b13955235245b2497399d7a93', '男', 19683341838, '新加坡爱德华小区', '曾经有一份美好的爱情摆在了我的眼前');
INSERT INTO `user` VALUES (2100, '平远石', '4297f44b13955235245b2497399d7a93', '男', 17607544875, '新加坡爱德华小区', '曾经有一份美好的爱情摆在了我的眼前');
INSERT INTO `user` VALUES (2101, '娄先为', '4297f44b13955235245b2497399d7a93', '男', 13076662292, '新加坡爱德华小区', '曾经有一份美好的爱情摆在了我的眼前');
INSERT INTO `user` VALUES (2102, '韦祥孟', '4297f44b13955235245b2497399d7a93', '男', 19443514969, '新加坡爱德华小区', '曾经有一份美好的爱情摆在了我的眼前');
INSERT INTO `user` VALUES (2103, '史年寿', '4297f44b13955235245b2497399d7a93', '男', 13555680867, '新加坡爱德华小区', '曾经有一份美好的爱情摆在了我的眼前');
INSERT INTO `user` VALUES (2104, '禹宝辰', '4297f44b13955235245b2497399d7a93', '男', 14855180225, '新加坡爱德华小区', '曾经有一份美好的爱情摆在了我的眼前');
INSERT INTO `user` VALUES (2105, '董诚声', '4297f44b13955235245b2497399d7a93', '男', 18360419127, '新加坡爱德华小区', '曾经有一份美好的爱情摆在了我的眼前');
INSERT INTO `user` VALUES (2106, '葛洪腾', '4297f44b13955235245b2497399d7a93', '男', 15809456163, '新加坡爱德华小区', '曾经有一份美好的爱情摆在了我的眼前');
INSERT INTO `user` VALUES (2107, '阿里巴巴', '4297f44b13955235245b2497399d7a93', '男', 13018709914, '北京市朝阳区幸福大道', '又写了个bug');
INSERT INTO `user` VALUES (2108, '阿里巴巴1', '4297f44b13955235245b2497399d7a93', '男', 13018709914, '北京市朝阳区幸福大道', '又写了个bug');
INSERT INTO `user` VALUES (2109, '腾讯啊', '4297f44b13955235245b2497399d7a93', '男', 15266457425, '美好中华', '爱我中华');
INSERT INTO `user` VALUES (2110, '小工头', '4297f44b13955235245b2497399d7a93', '男', 17544662225, '@ 公交在线查询系统', '@ 公交在线查询系统');
INSERT INTO `user` VALUES (2111, '阿里额', '4297f44b13955235245b2497399d7a93', '女', 17822341123, '北京市新金额', '艾薇儿肥而反而');

-- ----------------------------
-- Procedure structure for borrow_procedure
-- ----------------------------
DROP PROCEDURE IF EXISTS `borrow_procedure`;
delimiter ;;
CREATE PROCEDURE `borrow_procedure`()
begin
UPDATE borrow SET money=money+0.1 WHERE DATEDIFF(CURDATE(),endtime) >0 and isback = 0;
end
;;
delimiter ;

-- ----------------------------
-- Procedure structure for test_insert
-- ----------------------------
DROP PROCEDURE IF EXISTS `test_insert`;
delimiter ;;
CREATE PROCEDURE `test_insert`()
BEGIN
DECLARE
		i INT DEFAULT 1;
	WHILE
			i < 1000 DO
			
		SET i = i + 1;
		INSERT INTO user (username,password,gender,phone,address,description) values (concat(
                      substring(
                         '赵钱孙李周吴郑王冯陈诸卫蒋沈韩杨朱秦尤许何吕施张孔曹严华金魏陶姜戚谢邹喻柏水窦章云苏潘葛奚范彭郎鲁韦昌马苗凤花方俞任袁柳酆鲍史唐费廉岑薛雷贺倪汤滕殷罗毕郝邬安常乐于时傅皮齐康伍余元卜顾孟平黄和穆萧尹姚邵堪汪祁毛禹狄米贝明臧计伏成戴谈宋茅庞熊纪舒屈项祝董粱杜阮蓝闵席季麻强贾路娄危江童颜郭梅盛林刁钟徐邱骆高夏蔡田樊胡凌霍虞万支柯咎管卢莫经房裘干解应宗丁宣贲邓郁单杭洪包诸左石崔吉钮龚',
                         floor(1 + 190 * rand()),
                         1),
                      substring(
                         '明国华建文平志伟东海强晓生光林小民永杰军金健一忠洪江福祥中正振勇耀春大宁亮宇兴宝少剑云学仁涛瑞飞鹏安亚泽世汉达卫利胜敏群波成荣新峰刚家龙德庆斌辉良玉俊立浩天宏子松克清长嘉红山贤阳乐锋智青跃元武广思雄锦威启昌铭维义宗英凯鸿森超坚旭政传康继翔栋仲权奇礼楠炜友年震鑫雷兵万星骏伦绍麟雨行才希彦兆贵源有景升惠臣慧开章润高佳虎根远力进泉茂毅富博霖顺信凡豪树和恩向道川彬柏磊敬书鸣芳培全炳基冠晖京欣廷哲保秋君劲轩帆若连勋祖锡吉崇钧田石奕发洲彪钢运伯满庭申湘皓承梓雪孟其潮冰怀鲁裕翰征谦航士尧标洁城寿枫革纯风化逸腾岳银鹤琳显焕来心凤睿勤延凌昊西羽百捷定琦圣佩麒虹如靖日咏会久昕黎桂玮燕可越彤雁孝宪萌颖艺夏桐月瑜沛诚夫声冬奎扬双坤镇楚水铁喜之迪泰方同滨邦先聪朝善非恒晋汝丹为晨乃秀岩辰洋然厚灿卓杨钰兰怡灵淇美琪亦晶舒菁真涵爽雅爱依静棋宜男蔚芝菲露娜珊雯淑曼萍珠诗璇琴素梅玲蕾艳紫珍丽仪梦倩伊茜妍碧芬儿岚婷菊妮媛莲娟一',
                         floor(1 + 400 * rand()),
                         1),
                      substring(
                         '明国华建文平志伟东海强晓生光林小民永杰军金健一忠洪江福祥中正振勇耀春大宁亮宇兴宝少剑云学仁涛瑞飞鹏安亚泽世汉达卫利胜敏群波成荣新峰刚家龙德庆斌辉良玉俊立浩天宏子松克清长嘉红山贤阳乐锋智青跃元武广思雄锦威启昌铭维义宗英凯鸿森超坚旭政传康继翔栋仲权奇礼楠炜友年震鑫雷兵万星骏伦绍麟雨行才希彦兆贵源有景升惠臣慧开章润高佳虎根远力进泉茂毅富博霖顺信凡豪树和恩向道川彬柏磊敬书鸣芳培全炳基冠晖京欣廷哲保秋君劲轩帆若连勋祖锡吉崇钧田石奕发洲彪钢运伯满庭申湘皓承梓雪孟其潮冰怀鲁裕翰征谦航士尧标洁城寿枫革纯风化逸腾岳银鹤琳显焕来心凤睿勤延凌昊西羽百捷定琦圣佩麒虹如靖日咏会久昕黎桂玮燕可越彤雁孝宪萌颖艺夏桐月瑜沛诚夫声冬奎扬双坤镇楚水铁喜之迪泰方同滨邦先聪朝善非恒晋汝丹为晨乃秀岩辰洋然厚灿卓杨钰兰怡灵淇美琪亦晶舒菁真涵爽雅爱依静棋宜男蔚芝菲露娜珊雯淑曼萍珠诗璇琴素梅玲蕾艳紫珍丽仪梦倩伊茜妍碧芬儿岚婷菊妮媛莲娟一',
                         floor(1 + 400 * rand()),
                         1)),
												 "4297f44b13955235245b2497399d7a93",
												 "男",
												 concat('1',
                    substring(cast(3 + (rand() * 10) % 7 AS char(50)), 1, 1),
                    right(left(trim(cast(rand() AS char(50))), 11), 9)),
										"新加坡爱德华小区",
										"曾经有一份美好的爱情摆在了我的眼前");
			
		
	END WHILE;
	COMMIT;
	
	END
;;
delimiter ;

-- ----------------------------
-- Event structure for borrow_event
-- ----------------------------
DROP EVENT IF EXISTS `borrow_event`;
delimiter ;;
CREATE EVENT `borrow_event`
ON SCHEDULE
EVERY '1' DAY STARTS '2021-01-09 01:00:00'
ON COMPLETION PRESERVE
DO call borrow_procedure()
;;
delimiter ;

SET FOREIGN_KEY_CHECKS = 1;
